id,title,ratingCount
1,Cowboy Bebop,481187
5,Cowboy Bebop: Tengoku no Tobira,135971
6,Trigun,238947
15,Eyeshield 21,57723
16,Hachimitsu to Clover,61386
18,Initial D Fourth Stage,51863
19,Monster,155992
20,Naruto,865621
21,One Piece,559725
22,Tennis no Ouji-sama,54499
24,School Rumble,113351
27,Trinity Blood,64386
30,Neon Genesis Evangelion,495449
31,Neon Genesis Evangelion: Death & Rebirth,84019
32,Neon Genesis Evangelion: The End of Evangelion,270152
33,Kenpuu Denki Berserk,190252
43,Koukaku Kidoutai,222184
44,Rurouni Kenshin: Meiji Kenkaku Romantan - Tsuioku-hen,104250
45,Rurouni Kenshin: Meiji Kenkaku Romantan,158687
47,Akira,260181
48,.hack//Sign,66816
50,Aa! Megami-sama! (TV),62207
53,Ai Yori Aoshi,42782
57,Beck,99748
59,Chobits,194251
60,Chrno Crusade,85290
61,D.N.Angel,81582
63,DearS,64708
64,Rozen Maiden,80412
65,Rozen Maiden: Träumend,50559
66,Azumanga Daioh,108018
67,Basilisk: Kouga Ninpou Chou,61075
68,Black Cat,99882
71,Full Metal Panic!,189327
72,Full Metal Panic? Fumoffu,142319
73,Full Metal Panic! The Second Raid,122468
79,Shuffle!,107519
90,Mobile Suit Gundam Wing,66864
93,Mobile Suit Gundam SEED,72496
94,Mobile Suit Gundam SEED Destiny,50365
97,Last Exile,58198
98,Mai-HiME,43904
101,Air,126491
102,Aishiteruze Baby★★,43057
120,Fruits Basket,194379
121,Fullmetal Alchemist,588751
132,GetBackers,40787
133,Green Green,57173
134,Gunslinger Girl,61218
135,Hikaru no Go,45155
136,Hunter x Hunter,150685
137,Hunter x Hunter: Yorkshin City Kanketsu-hen,47882
138,Hunter x Hunter: Greed Island,54200
139,Hunter x Hunter: Greed Island Final,52214
145,Kareshi Kanojo no Jijou,55063
147,Kimi ga Nozomu Eien,57131
149,Loveless,55331
150,Blood+,119547
154,Shaman King,138363
157,Mahou Sensei Negima!,50336
164,Mononoke Hime,432694
166,Samurai 7,48984
169,Shingetsutan Tsukihime,56414
170,Slam Dunk,70751
174,Tenjou Tenge,71256
177,Tsubasa Chronicle,76265
182,Tenkuu no Escaflowne,51652
185,Initial D First Stage,86547
186,Initial D Second Stage,64640
187,Initial D Third Stage,54843
189,Love Hina,109421
190,Love Hina Again,45467
195,Onegai☆Teacher,75181
196,Onegai☆Twins,41951
199,Sen to Chihiro no Kamikakushi,652386
202,Wolf's Rain,101232
205,Samurai Champloo,374893
210,Ranma ½,70623
223,Dragon Ball,365772
225,Dragon Ball GT,256122
226,Elfen Lied,607254
227,FLCL,281588
228,Jigoku Shoujo,95262
232,Cardcaptor Sakura,142186
235,Detective Conan,96754
237,Koukyoushihen Eureka Seven,142719
239,Gankutsuou,51336
240,Genshiken,58513
241,Girls Bravo: First Season,56647
243,Gravitation,49835
245,Great Teacher Onizuka,233794
248,Ichigo 100%,44256
249,InuYasha (TV),219094
256,Hoshi no Koe,63854
257,Ikkitousen,54753
263,Hajime no Ippo,151520
264,Hajime no Ippo: Champion Road,50993
265,Hajime no Ippo: Mashiba vs. Kimura,41810
267,Gungrave,53241
268,Golden Boy,114684
269,Bleach,529862
270,Hellsing,255169
288,Bakuten Shoot Beyblade,46646
317,Final Fantasy VII: Advent Children,122752
322,Paradise Kiss,60090
323,Mousou Dairinin,93994
329,Planetes,54501
330,Midori no Hibi,68137
339,Serial Experiments Lain,150419
355,Shakugan no Shana,202915
356,Fate/stay night,334764
357,Bokusatsu Tenshi Dokuro-chan,88521
371,Cardcaptor Sakura Movie 1,45395
372,Cardcaptor Sakura Movie 2: Fuuin Sareta Card,51801
376,"Elfen Lied: Tooriame nite Arui wa, Shoujo wa Ikani Shite Sono Shinjou ni Itatta ka? - Regenschauer",92953
384,Gantz,127637
387,Haibane Renmei,70548
390,Suzuka,43682
392,Yuu☆Yuu☆Hakusho,174459
395,Gantz 2nd Stage,74848
400,Seihou Bukyou Outlaw Star,48330
405,Blood: The Last Vampire,48898
416,Kurenai no Buta,80368
430,Fullmetal Alchemist: The Conqueror of Shamballa,163340
431,Howl no Ugoku Shiro,429309
433,"Kumo no Mukou, Yakusoku no Basho",71116
437,Perfect Blue,139203
442,Naruto Movie 1: Dai Katsugeki!! Yuki Hime Shinobu Houjou Dattebayo!,111816
450,InuYasha Movie 2: Kagami no Naka no Mugenjo,41971
457,Mushishi,177447
459,One Piece Movie 1,40736
467,Koukaku Kidoutai: Stand Alone Complex,125458
468,Koukaku Kidoutai 2: Innocence,69080
469,Karin,73125
481,Yu☆Gi☆Oh! Duel Monsters,143349
482,Yu☆Gi☆Oh!: Duel Monsters GX,76772
486,Kino no Tabi: The Beautiful World,62632
487,Girls Bravo: Second Season,40167
512,Majo no Takkyuubin,181955
513,Tenkuu no Shiro Laputa,166050
523,Tonari no Totoro,347524
527,Pokemon,212737
528,Pokemon Movie 01: Mewtwo no Gyakushuu,107042
530,Bishoujo Senshi Sailor Moon,112260
532,Bishoujo Senshi Sailor Moon S,52148
534,Slayers,47689
543,Vampire Hunter D (2000),60107
550,Yu☆Gi☆Oh!,83572
552,Digimon Adventure,177456
570,Jin-Rou,49795
572,Kaze no Tani no Nausicaä,144150
578,Hotaru no Haka,196610
585,Mimi wo Sumaseba,92212
587,Hanbun no Tsuki ga Noboru Sora,41757
597,Neko no Ongaeshi,90863
617,Juubee Ninpuuchou,47771
687,Tokyo Mew Mew,46607
710,Rec,48614
721,Princess Tutu,43367
740,Bishoujo Senshi Sailor Moon R,58237
759,Tokyo Godfathers,81311
762,Bleach: Memories in the Rain,55557
777,Hellsing Ultimate,284556
790,Ergo Proxy,160820
801,Koukaku Kidoutai: Stand Alone Complex 2nd GIG,82396
813,Dragon Ball Z,474333
820,Ginga Eiyuu Densetsu,41354
834,Bleach: The Sealed Sword Frenzy,51462
846,School Rumble Ni Gakki,72274
849,Suzumiya Haruhi no Yuuutsu,352567
853,Ouran Koukou Host Club,398146
855,Strawberry Panic,42522
856,Utawarerumono,51366
857,Air Gear,140665
861,xxxHOLiC,87043
874,Digimon Tamers,87082
877,Nana,128740
889,Black Lagoon,285900
894,Dragon Ball Z Movie 01: Ora no Gohan wo Kaese!!,53102
895,Dragon Ball Z Movie 02: Kono Yo de Ichiban Tsuyoi Yatsu,48347
896,Dragon Ball Z Movie 03: Chikyuu Marugoto Choukessen,55204
897,Dragon Ball Z Movie 04: Super Saiyajin da Son Gokuu,48792
898,Dragon Ball Z Movie 05: Tobikkiri no Saikyou tai Saikyou,58246
899,Dragon Ball Z Movie 06: Gekitotsu!! 100-oku Power no Senshi-tachi,53208
900,Dragon Ball Z Movie 07: Kyokugen Battle!! Sandai Super Saiyajin,49783
901,"Dragon Ball Z Movie 08: Moetsukiro!! Nessen, Ressen, Chougekisen",68045
902,Dragon Ball Z Movie 09: Ginga Girigiri!! Bucchigiri no Sugoi Yatsu,49070
903,Dragon Ball Z Movie 10: Kiken na Futari! Super Senshi wa Nemurenai,53850
904,Dragon Ball Z Movie 11: Super Senshi Gekiha!! Katsu no wa Ore da,48970
905,Dragon Ball Z Movie 12: Fukkatsu no Fusion!! Gokuu to Vegeta,59433
906,Dragon Ball Z Movie 13: Ryuuken Bakuhatsu!! Gokuu ga Yaraneba Dare ga Yaru,50314
918,Gintama,181860
934,Higurashi no Naku Koro ni,259622
936,Naruto Movie 2: Dai Gekitotsu! Maboroshi no Chiteiiseki Dattebayo!,85835
969,Tsubasa Chronicle 2nd Season,49316
985,Dragon Ball Z Special 2: Zetsubou e no Hankou!! Nokosareta Chousenshi - Gohan to Trunks,44229
986,Dragon Ball Z Special 1: Tatta Hitori no Saishuu Kessen,44846
1004,Kanojo to Kanojo no Neko,43420
1033,Sennen Joyuu,49262
1117,Pokemon Movie 02: Maboroshi no Pokemon Lugia Bakutan,79978
1118,Pokemon Movie 03: Kesshoutou no Teiou Entei,73964
1119,Pokemon Movie 04: Celebi Toki wo Koeta Deai,60498
1120,Pokemon Movie 05: Mizu no Miyako no Mamorigami Latias to Latios,44981
1122,Pokemon Movie 07: Rekkuu no Houmonsha Deoxys,44296
1132,Digimon Frontier,68536
1142,Hachimitsu to Clover II,43443
1195,Zero no Tsukaima,324953
1210,NHK ni Youkoso!,224909
1222,Bokura ga Ita,76280
1239,Bishoujo Senshi Sailor Moon SuperS,40776
1254,Saint Seiya,63479
1292,Afro Samurai,126101
1313,Digimon Adventure 02,108468
1361,Final Fantasy: The Spirits Within,44008
1430,Lupin III: Cagliostro no Shiro,40469
1482,D.Gray-man,196548
1498,Black Blood Brothers,46630
1519,Black Lagoon: The Second Barrage,198294
1526,Pokemon Movie 08: Mew to Hadou no Yuusha Lucario,46450
1530,Kanon (2006),111058
1535,Death Note,1323269
1536,Busou Renkin,64711
1559,Shijou Saikyou no Deshi Kenichi,110712
1562,Yamato Nadeshiko Shichihenge♥,62013
1564,Pokemon Advanced Generation,67868
1565,Pokemon Diamond & Pearl,47003
1571,Ghost Hunt,77638
1575,Code Geass: Hangyaku no Lelouch,790539
1594,Jigoku Shoujo Futakomori,50983
1604,Katekyo Hitman Reborn!,171741
1639,Boku no Pico,62889
1686,Bleach Movie 1: Memories of Nobody,128944
1689,Byousoku 5 Centimeter,343090
1691,Kaze no Stigma,170330
1698,Nodame Cantabile,99394
1699,Romeo x Juliet,55207
1723,Clannad Movie,70618
1726,Devil May Cry,130042
1735,Naruto: Shippuuden,577673
1818,Claymore,238987
1827,Seirei no Moribito,58707
1829,Ged Senki,52395
1840,Zero no Tsukaima: Futatsuki no Kishi,228890
1887,Lucky☆Star,218180
1889,Higurashi no Naku Koro ni Kai,171299
1943,Paprika,156694
2001,Tengen Toppa Gurren Lagann,562370
2025,Darker than Black: Kuro no Keiyakusha,327184
2026,Hayate no Gotoku!,72166
2034,Lovely★Complex,187561
2104,Seto no Hanayome,104339
2129,True Tears,80154
2131,Bokusatsu Tenshi Dokuro-chan 2,54557
2144,Naruto Movie 3: Dai Koufun! Mikazuki Jima no Animaru Panikku Dattebayo!,78053
2167,Clannad,502366
2236,Toki wo Kakeru Shoujo,309569
2246,Mononoke,47896
2251,Baccano!,263583
2403,Kodomo no Jikan (TV),42660
2404,Zombie-Loan,53659
2418,Stranger: Mukou Hadan,115378
2472,Naruto: Shippuuden Movie 1,101885
2476,School Days,262663
2494,Goshuushou-sama Ninomiya-kun,41753
2581,Mobile Suit Gundam 00,92514
2593,Kara no Kyoukai 1: Fukan Fuukei,128202
2605,Sayonara Zetsubou Sensei,98230
2759,Evangelion: 1.0 You Are (Not) Alone,183167
2787,Shakugan no Shana II (Second),139635
2847,Pokemon Movie 10: Dialga vs. Palkia vs. Darkrai,42027
2889,Bleach Movie 2: The DiamondDust Rebellion - Mou Hitotsu no Hyourinmaru,111148
2890,Gake no Ue no Ponyo,171150
2904,Code Geass: Hangyaku no Lelouch R2,686773
2923,Shugo Chara!,74130
2924,ef: A Tale of Memories.,89757
2926,Myself; Yourself,79210
2952,Final Fantasy VII: Advent Children Complete,66415
2961,Digimon Adventure Movie,55093
2963,Minami-ke,59444
2966,Ookami to Koushinryou,272820
2993,Rosario to Vampire,272223
2994,Death Note: Rewrite,60344
3002,Gyakkyou Burai Kaiji: Ultimate Survivor,92960
3091,xxxHOLiC Kei,50735
3092,Junjou Romantica,99721
3167,Eve no Jikan,63347
3228,Zoku Sayonara Zetsubou Sensei,46972
3229,Kimi ga Aruji de Shitsuji ga Ore de,43919
3230,Druaga no Tou: The Aegis of Uruk,42392
3299,H2O: Footprints in the Sand,40624
3342,Mnemosyne: Mnemosyne no Musume-tachi,57346
3455,To LOVE-Ru,204405
3457,Vampire Knight,240898
3467,Nogizaka Haruka no Himitsu,55360
3470,Special A,130008
3503,Kanokon,89350
3572,Macross F,55760
3588,Soul Eater,514806
3652,Higurashi no Naku Koro ni Rei,72989
3655,Nabari no Ou,54099
3667,Strike Witches,53394
3702,Detroit Metal City,84578
3712,Zero no Tsukaima: Princesses no Rondo,200962
3731,Itazura na Kiss,104765
3782,Kara no Kyoukai 2: Satsujin Kousatsu (Zen),104504
3783,Kara no Kyoukai 3: Tsuukaku Zanryuu,98343
3784,Evangelion: 2.0 You Can (Not) Advance,172639
3785,Evangelion: 3.0 You Can (Not) Redo,121554
3901,Baccano! Specials,87935
3927,Mobile Suit Gundam 00 Second Season,72728
3958,Kannagi,56075
3972,Yu☆Gi☆Oh! 5D's,42672
4059,"Clannad: Mou Hitotsu no Sekai, Tomoyo-hen",151435
4063,Sekirei,149404
4081,Natsume Yuujinchou,128008
4087,Michiko to Hatchin,40430
4106,Trigun: Badlands Rumble,54616
4107,Tengen Toppa Gurren Lagann Movie 1: Gurren-hen,58453
4155,One Piece Film: Strong World,91022
4177,Bounen no Xamdou,47989
4181,Clannad: After Story,438073
4182,Darker than Black: Kuro no Keiyakusha - Sakura no Hana no Mankai no Shita,66812
4186,Chrome Shelled Regios,80207
4192,Hayate no Gotoku!!,44626
4214,Rosario to Vampire Capu2,185565
4224,Toradora!,715930
4280,Kara no Kyoukai 4: Garan no Dou,92365
4282,Kara no Kyoukai 5: Mujun Rasen,93015
4382,Suzumiya Haruhi no Yuuutsu (2009),215568
4437,Naruto: Shippuuden Movie 2 - Kizuna,89830
4472,Lucky☆Star: Original na Visual to Animation,64088
4477,Nodame Cantabile: Paris-hen,60962
4551,Hakushaku to Yousei,41456
4565,Tengen Toppa Gurren Lagann Movie 2: Lagann-hen,67942
4654,Toaru Majutsu no Index,250821
4722,Skip Beat!,103375
4725,Ga-Rei: Zero,80144
4744,Akaneiro ni Somaru Saka,67292
4752,Vampire Knight: Guilty,164997
4789,ef: A Tale of Melodies.,56527
4814,Junjou Romantica 2,76454
4835,Bleach Movie 3: Fade to Black - Kimi no Na wo Yobu,100722
4884,Tales of the Abyss,40871
4896,Umineko no Naku Koro ni,72288
4898,Kuroshitsuji,361531
4901,Black Lagoon: Roberta's Blood Trail,96952
4970,Afro Samurai: Resurrection,43072
4975,ChäoS;HEAd,128106
4981,Casshern Sins,40914
4999,Asu no Yoichi!,86837
5030,Maria†Holic,61660
5040,One Outs,75409
5042,Kiss x Sis,109591
5060,Hetalia Axis Powers,91814
5081,Bakemonogatari,449268
5112,Akikan!,49931
5114,Fullmetal Alchemist: Brotherhood,1026080
5118,Suzumiya Haruhi-chan no Yuuutsu,43550
5177,Denpa-teki na Kanojo,55532
5204,Kara no Kyoukai 6: Boukyaku Rokuon,79491
5205,Kara no Kyoukai 7: Satsujin Kousatsu (Go),79139
5231,Inazuma Eleven,57678
5258,Hajime no Ippo: New Challenger,99613
5262,Shugo Chara!! Doki,41215
5277,Sekirei: Pure Engagement,98470
5300,Zoku Natsume Yuujinchou,91048
5341,Ookami to Koushinryou II,195044
5342,Asura Cryin',40325
5355,Sengoku Basara,51507
5356,Canaan,68909
5365,Tsumiki no Ie,40843
5507,Senjou no Valkyria,44626
5525,07-Ghost,81336
5530,Pandora Hearts,132114
5630,Higashi no Eden,196803
5667,To LOVE-Ru OVA,71720
5678,Kobato.,45282
5680,K-On!,342767
5681,Summer Wars,215620
5682,Phantom: Requiem for the Phantom,95234
5690,Nodame Cantabile: Finale,55022
5764,Zero no Tsukaima: Princesses no Rondo - Yuuwaku no Sunahama,40393
5781,Isekai no Seikishi Monogatari,56707
5909,Seitokai no Ichizon,66371
5940,Seiken no Blacksmith,62586
5958,Sora no Otoshimono,183668
6007,Ookami to Koushinryou II: Ookami to Kohakuiro no Yuuutsu,69096
6030,Needless,49270
6033,Dragon Ball Kai,121284
6045,Kimi ni Todoke,260209
6114,Rainbow: Nisha Rokubou no Shichinin,100000
6166,Asobi ni Iku yo!,67717
6201,Princess Lover!,81966
6205,Kämpfer,110547
6211,Tokyo Magnitude 8.0,84362
6213,Toaru Kagaku no Railgun,175205
6324,Omamori Himari,92209
6325,Naruto: Shippuuden Movie 3 - Hi no Ishi wo Tsugu Mono,72892
6347,Baka to Test to Shoukanjuu,254900
6351,"Clannad: After Story - Mou Hitotsu no Sekai, Kyou-hen",126177
6372,Higashi no Eden Movie I: The King of Eden,80535
6421,Fullmetal Alchemist: Brotherhood Specials,53010
6500,Seikon no Qwaser,87505
6512,Nyan Koi!,106705
6547,Angel Beats!,797134
6573,Darker than Black: Ryuusei no Gemini,183827
6594,Katanagatari,144821
6637,Higashi no Eden Movie II: Paradise Lost,65736
6675,Redline,120249
6682,11eyes,100103
6702,Fairy Tail,542144
6707,Kuroshitsuji II,205628
6746,Durarara!!,450209
6747,Dance in the Vampire Bund,83410
6773,Shakugan no Shana III (Final),90630
6793,"Kuroshitsuji: Sono Shitsuji, Kougyou",41727
6802,So Ra No Wo To,43159
6811,InuYasha: Kanketsu-hen,85805
6862,K-On!: Live House!,64287
6880,Deadman Wonderland,450017
6895,Hakuouki,54269
6922,Fate/stay night Movie: Unlimited Blade Works,87189
6956,Working!!,150953
6987,Aki-Sora,46547
7054,Kaichou wa Maid-sama!,390742
7059,Black★Rock Shooter (OVA),96673
7088,Ichiban Ushiro no Daimaou,197942
7148,Ladies versus Butlers!,75887
7193,Aoi Bungaku Series,43865
7311,Suzumiya Haruhi no Shoushitsu,217322
7338,Darker than Black: Kuro no Keiyakusha Gaiden,113297
7465,Eve no Jikan (Movie),46014
7472,Gintama Movie 1: Shinyaku Benizakura-hen,53794
7590,Mayoi Neko Overrun!,47563
7592,Nurarihyon no Mago,85091
7593,Kiss x Sis (TV),212283
7647,Arakawa Under the Bridge,110525
7662,Shinrei Tantei Yakumo,45284
7674,Bakuman.,203448
7711,Karigurashi no Arrietty,107611
7724,Shiki,178206
7769,Ookami-san to Shichinin no Nakama-tachi,102252
7785,Yojouhan Shinwa Taikei,81428
7791,K-On!!,220677
7817,B-gata H-kei,164445
7858,Sora no Otoshimono: Project Pink,48886
8074,Highschool of the Dead,585527
8086,Densetsu no Yuusha no Densetsu,101526
8129,Kuragehime,79143
8142,Colorful (Movie),52192
8246,Naruto: Shippuuden Movie 4 - The Lost Tower,81539
8247,Bleach Movie 4: Jigoku-hen,81019
8277,Hyakka Ryouran: Samurai Girls,62595
8407,Sora no Otoshimono: Forte,130287
8408,Durarara!! Specials,77820
8424,MM!,98539
8425,Gosick,159577
8460,Mirai Nikki OVA,92702
8479,Hetalia World Series,43002
8516,Baka to Test to Shoukanjuu Ni!,167456
8525,Kami nomi zo Shiru Sekai,240414
8536,Fortune Arterial: Akai Yakusoku,50938
8557,Shinryaku! Ika Musume,64903
8630,Hidan no Aria,143410
8675,Seitokai Yakuindomo,160637
8676,Amagami SS,109387
8769,Ore no Imouto ga Konnani Kawaii Wake ga Nai,286566
8795,Panty & Stocking with Garterbelt,126785
8841,Kore wa Zombie Desu ka?,255344
8861,"Yosuga no Sora: In Solitude, Where We Are Least Alone.",154780
8888,Code Geass: Boukoku no Akito 1 - Yokuryuu wa Maiorita,67423
8915,Dantalian no Shoka,45857
8937,Toaru Majutsu no Index II,164053
9041,IS: Infinite Stratos,239432
9062,Angel Beats! Specials,119499
9074,Arakawa Under the Bridge x Bridge,63177
9135,Fullmetal Alchemist: The Sacred Star of Milos,71542
9136,Kuroshitsuji II Specials,43885
9181,Motto To LOVE-Ru,128616
9253,Steins;Gate,758311
9260,Kizumonogatari I: Tekketsu-hen,135460
9289,Hanasaku Iroha,94581
9330,Dragon Crisis!,70492
9331,Yumekui Merry,52571
9366,Kaichou wa Maid-sama!: Omake dayo!,42876
9367,Freezing,129497
9379,Denpa Onna to Seishun Otoko,97649
9471,Baka to Test to Shoukanjuu: Matsuri,57611
9479,Coppelion,41130
9513,Beelzebub,169844
9515,Highschool of the Dead: Drifters of the Dead,133162
9617,K-On! Movie,111246
9656,Kimi ni Todoke 2nd Season,161090
9734,K-On!!: Keikaku!,44923
9736,Astarotte no Omocha!,53051
9750,Itsuka Tenma no Kuro Usagi,46516
9756,Mahou Shoujo Madoka★Magica,475001
9760,Hoshi wo Ou Kodomo,64442
9790,Sora no Otoshimono: Tokeijikake no Angeloid,56665
9863,SKET Dance,52866
9919,Ao no Exorcist,664821
9926,Sekaiichi Hatsukoi,81485
9936,Maken-Ki!,85688
9941,Tiger & Bunny,63851
9969,Gintama',120855
9982,Fairy Tail OVA,72056
9989,Ano Hi Mita Hana no Namae wo Bokutachi wa Mada Shiranai.,526546
10012,Carnival Phantasm,60666
10020,Ore no Imouto ga Konnani Kawaii Wake ga Nai Specials,94705
10029,Coquelicot-zaka kara,48892
10030,Bakuman. 2nd Season,149784
10049,Nurarihyon no Mago: Sennen Makyou,61631
10067,Angel Beats!: Another Epilogue,113569
10073,Seikon no Qwaser II,44338
10079,Hoshizora e Kakaru Hashi,68423
10080,Kami nomi zo Shiru Sekai II,179134
10087,Fate/Zero,486689
10110,Mayo Chiki!,181538
10119,Seitokai Yakuindomo OVA,48924
10155,Dog Days,66241
10161,No.6,132002
10162,Usagi Drop,171298
10163,C: The Money of Soul and Possibility Control,115064
10165,Nichijou,201061
10209,Kore wa Zombie Desu ka? OVA,59224
10213,Maji de Watashi ni Koi Shinasai!,86266
10218,Berserk: Ougon Jidai-hen I - Haou no Tamago,89830
10271,Gyakkyou Burai Kaiji: Hakairoku-hen,62140
10278,The iDOLM@STER,40481
10321,Uta no☆Prince-sama♪ Maji Love 1000%,72369
10357,Jinrui wa Suitai Shimashita,47189
10379,Natsume Yuujinchou San,82644
10396,Ben-To,122545
10397,Mashiro-iro Symphony: The Color of Lovers,57993
10408,Hotarubi no Mori e,236982
10418,Deadman Wonderland: Akai Knife Tsukai,62302
10456,Kyoukaisenjou no Horizon,50220
10460,Kimi to Boku.,45557
10490,Blood-C,88196
10495,Yuru Yuri,111363
10521,Working'!!,111623
10568,Kamisama no Memochou,75685
10578,C³,65410
10588,Persona 4 the Animation,88290
10589,Naruto: Shippuuden Movie 5 - Blood Prison,75089
10620,Mirai Nikki,748754
10711,Plastic Neesan,77236
10719,Boku wa Tomodachi ga Sukunai,306948
10721,Mawaru Penguindrum,82695
10790,Kore wa Zombie Desu ka? of the Dead,164149
10793,Guilty Crown,416064
10794,IS: Infinite Stratos Encore - Koi ni Kogareru Rokujuusou,49184
10798,UN-GO,46790
10800,Chihayafuru,114754
10805,Kami nomi zo Shiru Sekai: 4-nin to Idol,48021
10863,Steins;Gate: Oukoubakko no Poriomania,181298
10897,Boku wa Tomodachi ga Sukunai Episode 0,55060
11013,Inu x Boku SS,164152
11061,Hunter x Hunter (2011),624654
11111,Another,587023
11123,Sekaiichi Hatsukoi 2,62746
11179,Papa no Iukoto wo Kikinasai!,78133
11235,Amagami SS+ Plus,63444
11241,Brave 10,56577
11266,Ao no Exorcist: Kuro no Iede,48642
11285,Black★Rock Shooter (TV),140094
11319,Zero no Tsukaima F,168664
11433,Ano Natsu de Matteru,128292
11499,Sankarea,204054
11553,Toradora!: Bentou no Gokui,65250
11577,Steins;Gate Movie: Fuka Ryouiki no Déjà vu,218517
11597,Nisemonogatari,275348
11617,High School DxD,480058
11633,Blood Lad,231064
11665,Natsume Yuujinchou Shi,74974
11701,Another: The Other - Inga,80715
11703,Code:Breaker,108591
11737,Ao no Exorcist Movie,95297
11741,Fate/Zero 2nd Season,405888
11743,Toaru Majutsu no Index Movie: Endymion no Kiseki,44826
11757,Sword Art Online,1188472
11759,Accel World,280193
11761,Medaka Box,78460
11771,Kuroko no Basket,369238
11783,Dog Days',41929
11785,Haiyore! Nyaruko-san,108329
11837,Zetman,46755
11843,Danshi Koukousei no Nichijou,244077
11887,Kokoro Connect,262677
11933,Oda Nobuna no Yabou,107792
11977,Mahou Shoujo Madoka★Magica Movie 1: Hajimari no Monogatari,72505
11979,Mahou Shoujo Madoka★Magica Movie 2: Eien no Monogatari,71337
11981,Mahou Shoujo Madoka★Magica Movie 3: Hangyaku no Monogatari,143508
12049,Fairy Tail Movie 1: Houou no Miko,78666
12113,Berserk: Ougon Jidai-hen II - Doldrey Kouryaku,82072
12115,Berserk: Ougon Jidai-hen III - Kourin,82019
12175,Koi to Senkyo to Chocolate,66904
12189,Hyouka,318186
12291,Acchi Kocchi (TV),99299
12293,Campione!: Matsurowanu Kamigami to Kamigoroshi no Maou,140778
12355,Ookami Kodomo no Ame to Yuki,277613
12365,Bakuman. 3rd Season,134681
12403,Yuru Yuri♪♪,75955
12413,Jormungand,102935
12445,Tasogare Otome x Amnesia,131461
12467,Nazo no Kanojo X,80615
12477,Sakasama no Patema,87879
12531,Sakamichi no Apollon,114449
12549,"Dakara Boku wa, H ga Dekinai.",148612
12711,Uta no☆Prince-sama♪ Maji Love 2000%,41398
12729,High School DxD OVA,97640
12859,One Piece Film: Z,92438
12883,Tsuritama,47213
12893,Danshi Koukousei no Nichijou Specials,47207
12967,Arcana Famiglia,72024
13055,Sankarea OVA,44014
13125,Shinsekai yori,194797
13161,Hagure Yuusha no Aesthetica,143247
13271,Hunter x Hunter Movie 1: Phantom Rouge,50367
13331,Jormungand: Perfect Order,73446
13333,Tari Tari,46196
13357,High School DxD Specials,75779
13367,"Kono Naka ni Hitori, Imouto ga Iru!",73036
13411,Guilty Crown: Lost Christmas - An Episode of Port Town,41631
13469,Hyouka: Motsubeki Mono wa,66036
13535,Binbougami ga!,86417
13599,Robotics;Notes,61839
13601,Psycho-Pass,481866
13655,Little Busters!,76852
13659,Ore no Imouto ga Konnani Kawaii Wake ga Nai.,191312
13663,To LOVE-Ru Darkness,129036
13667,Naruto: Shippuuden Movie 6 - Road to Ninja,100265
13759,Sakura-sou no Pet na Kanojo,405291
13807,Corpse Party: Missing Footage,51468
13851,To LOVE-Ru Darkness OVA,49294
13939,Accel World EX,48100
14027,Boku wa Tomodachi ga Sukunai: Relay Shousetsu wa Ketsumatsu ga Hanpanai,50820
14075,Zetsuen no Tempest,189928
14131,Girls & Panzer,91546
14199,Oniichan dakedo Ai sae Areba Kankeinai yo ne!,91044
14227,Tonari no Kaibutsu-kun,346699
14289,Sukitte Ii na yo.,217537
14345,Btooom!,337044
14349,Little Witch Academia,133592
14353,Death Billiards,97379
14397,Chihayafuru 2,82940
14467,K,251806
14513,Magi: The Labyrinth of Magic,325547
14527,Medaka Box Abnormal,53930
14713,Kamisama Hajimemashita,175084
14719,JoJo no Kimyou na Bouken (TV),361149
14741,Chuunibyou demo Koi ga Shitai!,416785
14749,Ore no Kanojo to Osananajimi ga Shuraba Sugiru,158324
14811,GJ-bu,58195
14813,Yahari Ore no Seishun Love Comedy wa Machigatteiru.,407873
14829,Fate/kaleid liner Prisma☆Illya,80118
14833,Maoyuu Maou Yuusha,138114
14837,Dragon Ball Z Movie 14: Kami to Kami,85803
14967,Boku wa Tomodachi ga Sukunai Next,221208
15037,Corpse Party: Tortured Souls - Bougyakusareta Tamashii no Jukyou,136122
15039,Ano Hi Mita Hana no Namae wo Bokutachi wa Mada Shiranai. Movie,81993
15051,Love Live! School Idol Project,149879
15085,Amnesia,100437
15117,Kami nomi zo Shiru Sekai: Tenri-hen,61998
15197,Code Geass: Boukoku no Akito 2 - Hikisakareshi Yokuryuu,50332
15225,Hentai Ouji to Warawanai Neko.,174571
15315,Mondaiji-tachi ga Isekai kara Kuru Sou Desu yo?,211277
15335,Gintama Movie 2: Kanketsu-hen - Yorozuya yo Eien Nare,78372
15379,Kotoura-san,116600
15417,Gintama': Enchousen,86166
15437,"Kore wa Zombie Desu ka? of the Dead: Hai, Minotake ni Attemasu",45138
15451,High School DxD New,335109
15565,Maken-Ki! Two,43140
15583,Date A Live,321259
15605,Brothers Conflict,59883
15687,Chuunibyou demo Koi ga Shitai! Lite,50967
15689,Nekomonogatari: Kuro,207426
15699,Haiyore! Nyaruko-san W,67282
15751,Senyuu.,41750
15809,Hataraku Maou-sama!,510236
16001,Kokoro Connect: Michi Random,117020
16005,Zettai Karen Children: The Unlimited - Hyoubu Kyousuke,44032
16009,Kamisama no Inai Nichiyoubi,74168
16011,Tokyo Ravens,140278
16035,Karneval (TV),65573
16049,Toaru Kagaku no Railgun S,119226
16067,Nagi no Asu kara,162163
16157,Choujigen Game Neptune The Animation,45259
16201,Aku no Hana,49565
16353,Love Lab,55711
16417,Tamako Market,94649
16498,Shingeki no Kyojin,1246667
16512,Devil Survivor 2 The Animation,64349
16524,Suisei no Gargantia,137012
16528,Hal,46003
16592,Danganronpa: Kibou no Gakuen to Zetsubou no Koukousei The Animation,307003
16662,Kaze Tachinu,86368
16664,Kaguya-hime no Monogatari,49095
16668,Kakumeiki Valvrave,63094
16706,Kami nomi zo Shiru Sekai: Megami-hen,135489
16732,Kiniro Mosaic,50387
16742,Watashi ga Motenai no wa Dou Kangaetemo Omaera ga Warui!,228499
16762,Mirai Nikki: Redial,152053
16774,Inferno Cop,41391
16782,Kotonoha no Niwa,256176
16870,The Last: Naruto the Movie,150085
16894,Kuroko no Basket 2nd Season,291895
16904,K: Missing Kings,83949
16918,Gin no Saji,91769
16934,Chuunibyou demo Koi ga Shitai!: Kirameki no... Slapstick Noel,76485
17074,Monogatari Series: Second Season,215335
17247,Machine-Doll wa Kizutsukanai,112132
17265,Log Horizon,370122
17513,Diabolik Lovers,101397
17549,Non Non Biyori,104100
17641,Date A Live: Date to Date,69454
17729,Grisaia no Kajitsu,186369
17741,Kimi no Iru Machi,44317
17777,"Saikin, Imouto no Yousu ga Chotto Okashiinda ga.",54993
17831,Inu to Hasami wa Tsukaiyou,48614
17895,Golden Time,276612
17909,Uchouten Kazoku,40726
18001,Freezing Vibration,64748
18095,Nourin,53989
18115,Magi: The Kingdom of Magic,270608
18119,Servant x Service,66508
18139,Tonari no Seki-kun,71480
18153,Kyoukai no Kanata,333233
18179,Yowamushi Pedal,74815
18195,Little Busters!: Refrain,56485
18229,Gatchaman Crowds,56540
18245,White Album 2,74287
18247,IS: Infinite Stratos 2,142955
18277,Strike the Blood,202628
18295,Kakumeiki Valvrave 2nd Season,43515
18393,Fairy Tail x Rave,49238
18397,Shingeki no Kyojin OVA,127414
18441,Blood Lad: Wagahai wa Neko de wa Nai,42675
18507,Free!,248721
18671,Chuunibyou demo Koi ga Shitai! Ren,232564
18677,Yuusha ni Narenakatta Ore wa Shibushibu Shuushoku wo Ketsui Shimashita.,93064
18679,Kill la Kill,543358
18689,Diamond no Ace,65184
18753,Yahari Ore no Seishun Love Comedy wa Machigatteiru. OVA,89672
18857,Ore no Imouto ga Konnani Kawaii Wake ga Nai. Specials,69172
18893,Aoki Hagane no Arpeggio: Ars Nova,55215
18897,Nisekoi,371502
19111,Love Live! School Idol Project 2nd Season,100574
19163,Date A Live II,213591
19221,"Ore no Nounai Sentakushi ga, Gakuen Love Comedy wo Zenryoku de Jama Shiteiru",158543
19285,Shingeki no Kyojin: Ano Hi Kara,40006
19315,Pupa,65100
19363,Gin no Saji 2nd Season,65507
19369,Outbreak Company,121085
19429,Akuma no Riddle,94238
19489,Little Witch Academia: Mahoujikake no Parade,73342
19647,Hajime no Ippo: Rising,79649
19685,Kanojo ga Flag wo Oraretara,58986
19769,Mahou Sensou,80545
19775,Sidonia no Kishi,87400
19815,No Game No Life,850765
19951,Hunter x Hunter Movie 2: The Last Mission,42066
20021,Sword Art Online: Extra Edition,126019
20031,D-Frag!,140324
20047,Sakura Trick,81436
20057,Space☆Dandy,95269
20159,Pokemon: The Origin,102725
20457,"Inari, Konkon, Koi Iroha.",45787
20507,Noragami,685328
20509,Fate/kaleid liner Prisma☆Illya 2wei!,56400
20541,Mikakunin de Shinkoukei,117579
20583,Haikyuu!!,420694
20689,Hamatora The Animation,94391
20709,Sabage-bu!,41964
20767,Noragami OVA,117056
20785,Mahouka Koukou no Rettousei,313112
20787,Black Bullet,323473
20847,Seitokai Yakuindomo*,85060
20853,Hitsugi no Chaika,127396
20899,JoJo no Kimyou na Bouken Part 3: Stardust Crusaders,282326
20973,Sekai Seifuku: Bouryaku no Zvezda,42898
21033,Seikoku no Dragonar,72175
21085,Witch Craft Works,92314
21105,Love Stage!!,84250
21185,Baby Steps,53035
21273,Gochuumon wa Usagi Desu ka?,59688
21327,Isshuukan Friends.,106999
21329,Mushishi: Hihamukage,44764
21339,Psycho-Pass Movie,87789
21353,Tokyo ESP,57806
21405,Bokura wa Minna Kawai-sou,137421
21431,Gokukoku no Brynhildr,125254
21507,Soul Eater NOT!,67532
21511,Kantai Collection: KanColle,69410
21557,Omoide no Marnie,68969
21561,Ryuugajou Nanana no Maizoukin (TV),74918
21563,Kamigami no Asobi,43224
21603,Mekakucity Actors,150259
21647,Tamako Love Story,83335
21659,Kill la Kill Specials,80677
21843,Shingeki no Bahamut: Genesis,132420
21855,Hanamonogatari,142296
21863,Mangaka-san to Assistant-san to The Animation,92740
21877,High Score Girl,50537
21881,Sword Art Online II,716345
21939,Mushishi Zoku Shou,77019
21995,Ao Haru Ride,239383
22043,Fairy Tail (2014),270437
22101,Soredemo Sekai wa Utsukushii,88843
22135,Ping Pong the Animation,98807
22145,Kuroshitsuji: Book of Circus,121281
22147,Amagi Brilliant Park,223736
22199,Akame ga Kill!,636399
22265,Free!: Eternal Summer,134053
22273,Selector Infected WIXOSS,50232
22297,Fate/stay night: Unlimited Blade Works,351109
22319,Tokyo Ghoul,903826
22535,Kiseijuu: Sei no Kakuritsu,558974
22547,Blade & Soul,43683
22663,Seiken Tsukai no World Break,100898
22687,Terra Formars,81523
22729,Aldnoah.Zero,215852
22777,Dragon Ball Kai (2014),52306
22789,Barakamon,222734
22865,Rokujouma no Shinryakusha!? (TV),61863
22877,Seireitsukai no Blade Dance,121359
22961,Date A Live II: Kurumi Star Festival,60217
23079,Glasslip,61778
23199,Durarara!!x2 Shou,168928
23233,Shinmai Maou no Testament,197643
23251,Gugure! Kokkuri-san,58923
23273,Shigatsu wa Kimi no Uso,602809
23277,Saenai Heroine no Sodatekata,166299
23281,Psycho-Pass 2,223564
23283,Zankyou no Terror,361268
23289,Gekkan Shoujo Nozaki-kun,286655
23309,Rail Wars!,61063
23317,Kuroshitsuji: Book of Murder,69485
23321,Log Horizon 2nd Season,217186
23327,Space☆Dandy 2nd Season,56804
23333,DRAMAtical Murder,47748
23385,Kyoukai no Kanata: Shinonome,40748
23421,Re:␣Hamatora,56306
23623,Non Non Biyori Repeat,58813
23673,Ookami Shoujo to Kuro Ouji,145793
23755,Nanatsu no Taizai,616994
23847,Yahari Ore no Seishun Love Comedy wa Machigatteiru. Zoku,308990
24031,Denki-gai no Honya-san,40225
24133,Taimadou Gakuen 35 Shiken Shoutai,95206
24151,Ao Haru Ride OVA,44526
24227,Nisekoi OVA,59066
24231,Hitsugi no Chaika: Avenging Battle,81628
24277,Yowamushi Pedal: Grande Road,50564
24405,World Trigger,59201
24415,Kuroko no Basket 3rd Season,238084
24439,Kekkai Sensen,225630
24455,Madan no Ou to Vanadis,113516
24655,Date A Live Movie: Mayuri Judgment,56518
24701,Mushishi Zoku Shou 2nd Season,64832
24703,High School DxD BorN,264535
24705,"Ore, Twintail ni Narimasu.",44360
24765,Gakkougurashi!,134885
24833,Ansatsu Kyoushitsu,479251
24873,Juuou Mujin no Fafnir,50776
24893,Sidonia no Kishi: Daikyuu Wakusei Seneki,49926
24991,No Game No Life Specials,58658
24997,Love Live! The School Idol Movie,47621
25013,Akatsuki no Yona,221658
25015,Kyoukai no Kanata Movie 1: I'll Be Here - Kako-hen,41536
25099,"Ore ga Ojousama Gakkou ni ""Shomin Sample"" Toshite Gets♥Sareta Ken",78191
25157,Trinity Seven,256599
25159,Inou-Battle wa Nichijou-kei no Naka de,127626
25183,Gangsta.,176663
25283,Kuusen Madoushi Kouhosei no Kyoukan,79937
25389,"Dragon Ball Z Movie 15: Fukkatsu no ""F""",61784
25397,Absolute Duo,193931
25429,Isuca,48986
25537,Fate/stay night Movie: Heaven's Feel - I. Presage Flower,72622
25681,Kamisama Hajimemashita◎,101629
25687,Digimon Adventure tri. 1: Saikai,46707
25731,Cross Ange: Tenshi to Ryuu no Rondo,57272
25777,Shingeki no Kyojin Season 2,611900
25781,Shingeki no Kyojin: Kuinaki Sentaku,128983
25835,Shirobako,95626
25879,Working!!!,85946
26055,JoJo no Kimyou na Bouken Part 3: Stardust Crusaders 2nd Season,255742
26243,Owari no Seraph,364964
26349,Danna ga Nani wo Itteiru ka Wakaranai Ken,124464
26441,Junketsu no Maria,50155
26443,Triage X,42368
27525,Fate/kaleid liner Prisma☆Illya 2wei Herz!,45800
27631,God Eater,156027
27633,Gekkan Shoujo Nozaki-kun Specials,48820
27655,Aldnoah.Zero 2nd Season,144955
27775,Plastic Memories,237829
27787,Nisekoi:,227776
27821,Fate/stay night: Unlimited Blade Works Prologue,123926
27829,Heavy Object,42793
27831,Durarara!!x2 Ten,131100
27833,Durarara!!x2 Ketsu,115537
27899,Tokyo Ghoul √A,615419
27989,Hibike! Euphonium,120033
27991,K: Return of Kings,98792
28025,Tsukimonogatari,139509
28069,Shigatsu wa Kimi no Uso: Moments,40411
28121,Dungeon ni Deai wo Motomeru no wa Machigatteiru Darou ka,495216
28171,Shokugeki no Souma,505377
28223,Death Parade,510844
28249,Arslan Senki (TV),115604
28285,Trinity Seven: Nanatsu no Taizai to Nana Madoushi,46673
28297,Ore Monogatari!!,178657
28387,Joukamachi no Dandelion,46216
28391,Ao no Kanata no Four Rhythm,47107
28497,Rokka no Yuusha,219134
28617,Punch Line,65786
28621,Subete ga F ni Naru,52454
28623,Koutetsujou no Kabaneri,263838
28675,Kyoukai no Kanata Movie 2: I'll Be Here - Mirai-hen,75422
28677,Yamada-kun to 7-nin no Majo (TV),246502
28701,Fate/stay night: Unlimited Blade Works 2nd Season,297673
28725,Kokoro ga Sakebitagatterunda.,86871
28735,Shouwa Genroku Rakugo Shinjuu,62104
28755,Boruto: Naruto the Movie,149996
28805,Bakemono no Ko,133847
28819,Okusama ga Seitokaichou!,91788
28825,Himouto! Umaru-chan,201574
28851,Koe no Katachi,564384
28891,Haikyuu!! Second Season,326921
28907,"Gate: Jieitai Kanochi nite, Kaku Tatakaeri",276316
28927,Owari no Seraph: Nagoya Kessen-hen,241058
28977,Gintama°,104376
28979,To LOVE-Ru Darkness 2nd,78614
28999,Charlotte,455396
29067,Danna ga Nani wo Itteiru ka Wakaranai Ken 2 Sure-me,81653
29093,Grisaia no Meikyuu: Caprice no Mayu 0,86846
29095,Grisaia no Rakuen,134645
29317,Saenai Heroine no Sodatekata: Ai to Seishun no Service-kai,45224
29589,Denpa Kyoushi (TV),44490
29758,Taboo Tattoo,78142
29785,Jitsu wa Watashi wa,80014
29786,Shimoneta to Iu Gainen ga Sonzai Shinai Taikutsu na Sekai,232009
29803,Overlord,453933
29854,Ushio to Tora (TV),66446
30015,ReLIFE,306294
30016,Nanbaka,71761
30123,Akagami no Shirayuki-hime,166940
30187,Sakurako-san no Ashimoto ni wa Shitai ga Umatteiru,67307
30205,Aoharu x Kikanjuu,74995
30230,Diamond no Ace: Second Season,42015
30240,Prison School,303336
30276,One Punch Man,1041043
30279,Yuru Yuri San☆Hai!,45574
30296,Rakudai Kishi no Cavalry,276064
30300,"High School DxD New: Oppai, Tsutsumimasu!",50202
30307,Monster Musume no Iru Nichijou,230917
30346,Doukyuusei (Movie),50236
30347,Nanatsu no Taizai OVA,55413
30363,Shinmai Maou no Testament Burst,114761
30458,"Tokyo Ghoul: ""Jack""",83955
30484,Steins;Gate 0,165812
30503,Noragami Aragoto,467951
30544,Gakusen Toshi Asterisk,207110
30654,Ansatsu Kyoushitsu 2nd Season,351408
30694,Dragon Ball Super,197278
30709,Kamisama Hajimemashita: Kako-hen,40728
30727,Saenai Heroine no Sodatekata ♭,83866
30736,Shingeki no Bahamut: Virgin Soul,56320
30749,Saijaku Muhai no Bahamut,104296
30778,Fairy Tail Movie 2: Dragon Cry,44094
30831,Kono Subarashii Sekai ni Shukufuku wo!,568698
30885,Noragami Aragoto OVA,76358
30911,Tales of Zestiria the Cross,97857
31043,Boku dake ga Inai Machi,626778
31098,Ushio to Tora (TV) 2nd Season,42897
31163,Dimension W,104505
31173,Akagami no Shirayuki-hime 2nd Season,102059
31174,Osomatsu-san,42683
31181,Owarimonogatari,129739
31229,Servamp,61649
31240,Re:Zero kara Hajimeru Isekai Seikatsu,654535
31245,Zutto Mae kara Suki deshita.: Kokuhaku Jikkou Iinkai,45639
31251,Mobile Suit Gundam: Iron-Blooded Orphans,64740
31297,"Tokyo Ghoul: ""Pinto""",67265
31338,Hundred,106443
31339,Drifters,161728
31374,Shingeki! Kyojin Chuugakkou,53041
31376,Flying Witch,73181
31404,Netoge no Yome wa Onnanoko ja Nai to Omotta?,155653
31405,Joker Game,65178
31414,Nijiiro Days,54584
31442,Musaigen no Phantom World,146010
31478,Bungou Stray Dogs,254003
31490,One Piece Film: Gold,50221
31553,Charlotte: Tsuyoimono-tachi,51030
31559,Prince of Stride: Alternative,54939
31580,Ajin,177734
31636,Dagashi Kashi,119232
31637,"Gate: Jieitai Kanochi nite, Kaku Tatakaeri 2nd Season",205182
31646,3-gatsu no Lion,123425
31658,Kuroko no Basket Movie 4: Last Game,63855
31680,Super Lovers,40364
31704,One Punch Man: Road to Hero,114093
31710,Divine Gate,49242
31715,Working!!!: Lord of the Takanashi,41221
31716,Rewrite,61019
31722,Nanatsu no Taizai: Seisen no Shirushi,173894
31737,Gakusen Toshi Asterisk 2nd Season,138193
31741,Magi: Sinbad no Bouken (TV),125381
31757,Kizumonogatari II: Nekketsu-hen,125005
31758,Kizumonogatari III: Reiketsu-hen,118270
31764,Nejimaki Seirei Senki: Tenkyou no Alderamin,104357
31765,Sword Art Online Movie: Ordinal Scale,214235
31772,One Punch Man Specials,95813
31798,Kiznaiver,207939
31821,Arslan Senki (TV): Fuujin Ranbu,55146
31845,Masou Gakuen HxH,67161
31859,Hai to Gensou no Grimgar,235452
31904,Big Order (TV),72779
31933,JoJo no Kimyou na Bouken Part 4: Diamond wa Kudakenai,232066
31952,Kono Bijutsubu ni wa Mondai ga Aru!,70072
31953,New Game!,130259
31964,Boku no Hero Academia,850710
31988,Hibike! Euphonium 2,67428
32013,Oshiete! Galko-chan,50069
32093,Tanaka-kun wa Itsumo Kedaruge,107081
32105,Sousei no Onmyouji,102892
32182,Mob Psycho 100,497378
32188,Steins;Gate: Kyoukaimenjou no Missing Link - Divide By Zero,73307
32189,Danganronpa 3: The End of Kibougamine Gakuen - Mirai-hen,94642
32262,Renai Boukun,96071
32268,Koyomimonogatari,70050
32281,Kimi no Na wa.,797096
32282,Shokugeki no Souma: Ni no Sara,356378
32360,Qualidea Code,46456
32370,D.Gray-man Hallow,53252
32379,Berserk,92996
32380,Kono Subarashii Sekai ni Shukufuku wo!: Kono Subarashii Choker ni Shukufuku wo!,118126
32407,Clockwork Planet,40950
32438,Mayoiga,84644
32485,Prison School: Mad Wax,48866
32494,Days (TV),41624
32526,Love Live! Sunshine!!,55418
32542,Sakamoto Desu ga?,199623
32603,Okusama ga Seitokaichou!+!,51819
32615,Youjo Senki,232717
32648,Handa-kun,68744
32681,Uchuu Patrol Luluco,55166
32686,Keijo!!!!!!!!,111720
32729,Orange,180849
32801,Dungeon ni Deai wo Motomeru no wa Machigatteiru Darou ka OVA,50059
32827,B: The Beginning,80640
32828,Amaama to Inazuma,85521
32867,Bungou Stray Dogs 2nd Season,176263
32887,Dungeon ni Deai wo Motomeru no wa Machigatteiru Darou ka Gaiden: Sword Oratoria,100977
32899,Watashi ga Motete Dousunda,93528
32900,Mahouka Koukou no Rettousei Movie: Hoshi wo Yobu Shoujo,40087
32901,Eromanga-sensei,211839
32902,Mahoutsukai no Yome: Hoshi Matsu Hito,82788
32935,Haikyuu!!: Karasuno Koukou vs. Shiratorizawa Gakuen Koukou,269318
32937,Kono Subarashii Sekai ni Shukufuku wo! 2,432000
32949,Kuzu no Honkai,160158
32951,Rokudenashi Majutsu Koushi to Akashic Records,196528
32962,Occultic;Nine,50798
32979,Flip Flappers,51121
32983,Natsume Yuujinchou Go,44063
32995,Yuri!!! on Ice,232923
32998,91 Days,159934
33003,Mahou Shoujo Ikusei Keikaku,46289
33028,Danganronpa 3: The End of Kibougamine Gakuen - Zetsubou-hen,87453
33047,Fate/Extra: Last Encore,44295
33049,Fate/stay night Movie: Heaven's Feel - II. Lost Butterfly,45619
33051,Mobile Suit Gundam: Iron-Blooded Orphans 2nd Season,40697
33094,WWW.Working!!,50415
33161,Yahari Ore no Seishun Love Comedy wa Machigatteiru. Zoku OVA,69140
33206,Kobayashi-san Chi no Maid Dragon,323330
33253,Ajin 2nd Season,102708
33255,Saiki Kusuo no Ψ-nan,159043
33286,Strike the Blood II,41064
33337,ACCA: 13-ku Kansatsu-ka,44045
33352,Violet Evergarden,315625
33433,Shuumatsu no Izetta,50212
33475,Busou Shoujo Machiavellianism,101640
33486,Boku no Hero Academia 2nd Season,700096
33487,Masamune-kun no Revenge,226471
33489,Little Witch Academia (TV),156449
33502,Shuumatsu Nani Shitemasu ka? Isogashii Desu ka? Sukutte Moratte Ii Desu ka?,104864
33506,Ao no Exorcist: Kyoto Fujouou-hen,190889
33581,Trinity Seven Movie 1: Eternity Library to Alchemic Girl,45913
33674,No Game No Life: Zero,207217
33731,Gabriel DropOut,136809
33743,Fuuka,85007
33836,Seiren,49661
33926,Quanzhi Gaoshou,101689
33929,Boku no Hero Academia: Sukue! Kyuujo Kunren!,40542
33988,Demi-chan wa Kataritai,133413
34012,Isekai Shokudou,53934
34055,Berserk 2nd Season,51541
34086,Tales of Zestiria the Cross 2nd Season,51001
34096,Gintama.,64400
34103,Danganronpa 3: The End of Kibougamine Gakuen - Kibou-hen,57907
34104,Knight's & Magic,67189
34134,One Punch Man 2nd Season,267152
34176,Zero kara Hajimeru Mahou no Sho,79228
34240,Shelter,147842
34279,Grancrest Senki,57519
34280,Gamers!,184138
34281,High School DxD Hero,91701
34321,Fate/Grand Order: First Order,59799
34382,Citrus,114975
34403,Hajimete no Gal,122963
34443,Baki,43857
34451,Kekkai Sensen & Beyond,97909
34480,Shokugeki no Souma: Ni no Sara OVA,43927
34497,Death March kara Hajimaru Isekai Kyousoukyoku,131380
34542,Inuyashiki,146599
34561,Re:Creators,110730
34566,Boruto: Naruto Next Generations,147370
34572,Black Clover,191551
34577,Nanatsu no Taizai: Imashime no Fukkatsu,267021
34599,Made in Abyss,326862
34612,Saiki Kusuo no Ψ-nan 2,102348
34618,Blend S,167569
34626,Kono Subarashii Sekai ni Shukufuku wo! 2: Kono Subarashii Geijutsu ni Shukufuku wo!,86944
34636,Ballroom e Youkoso,76196
34662,Fate/Apocrypha,115920
34712,Kujira no Kora wa Sajou ni Utau,55349
34798,Yuru Camp△,92942
34822,Tsuki ga Kirei,120830
34881,Aho Girl,132665
34902,Tsurezure Children,186226
34914,New Game!!,79014
34933,Kakegurui,272988
34934,Koi to Uso,96698
34964,Killing Bites,42723
34984,Koi wa Ameagari no You ni,60689
35062,Mahoutsukai no Yome,183283
35073,Overlord II,267995
35076,Juuni Taisen,90664
35079,Kino no Tabi: The Beautiful World - The Animated Series,46558
35120,Devilman: Crybaby,227213
35180,3-gatsu no Lion 2nd Season,82996
35203,Isekai wa Smartphone to Tomo ni.,136112
35222,Gakuen Babysitters,44802
35240,Princess Principal,48905
35247,Owarimonogatari 2nd Season,85259
35330,Poputepipikku,58771
35363,"Kobayashi-san Chi no Maid Dragon: Valentine, Soshite Onsen! - Amari Kitai Shinaide Kudasai",52895
35376,Himouto! Umaru-chan R,60033
35413,Imouto sae Ireba Ii.,79066
35459,Boku no Hero Academia: Training of the Dead,47678
35466,ReLIFE: Kanketsu-hen,91277
35484,Osake wa Fuufu ni Natte kara,43312
35507,Youkoso Jitsuryoku Shijou Shugi no Kyoushitsu e (TV),212127
35557,Houseki no Kuni (TV),99630
35608,Chuunibyou demo Koi ga Shitai! Movie: Take On Me,42386
35639,Just Because!,70557
35712,Boku no Kanojo ga Majimesugiru Sho-bitch na Ken,57636
35760,Shingeki no Kyojin Season 3,353730
35788,Shokugeki no Souma: San no Sara,253877
35790,Tate no Yuusha no Nariagari,296591
35838,Shoujo Shuumatsu Ryokou,63993
35839,Sora yori mo Tooi Basho,105805
35843,Gintama.: Porori-hen,43205
35847,SSSS.Gridman,64372
35849,Darling in the FranXX,331112
35851,Sayonara no Asa ni Yakusoku no Hana wo Kazarou,59022
35860,Karakai Jouzu no Takagi-san,112447
35905,Ryuuou no Oshigoto!,41845
35946,Nanatsu no Taizai Movie: Tenkuu no Torawarebito,54974
35968,Wotaku ni Koi wa Muzukashii,154793
35972,Fairy Tail: Final Series,66124
35994,Satsuriku no Tenshi,92845
36027,Ousama Game The Animation,64132
36028,Golden Kamuy,55789
36038,Net-juu no Susume,147418
36043,Net-juu no Susume Special,40574
36098,Kimi no Suizou wo Tabetai,98943
36106,Shingeki no Kyojin: Lost Girls,40141
36266,Mahou Shoujo Site,41602
36296,Hinamatsuri,130992
36407,Kenja no Mago,104586
36456,Boku no Hero Academia 3rd Season,484893
36470,Tada-kun wa Koi wo Shinai,58873
36474,Sword Art Online: Alicization,189614
36475,Sword Art Online Alternative: Gun Gale Online,142536
36511,Tokyo Ghoul:re,222469
36548,Kokkoku,46135
36563,Megalo Box,127711
36633,Date A Live III,54384
36649,Banana Fish,67215
36726,Yuragi-sou no Yuuna-san,47758
36793,3D Kanojo: Real Girl,62728
36882,Arifureta Shokugyou de Sekai Saikyou,91779
36896,Boku no Hero Academia the Movie 1: Futari no Hero,121735
36904,Aggressive Retsuko (ONA),45726
36946,Dragon Ball Super Movie: Broly,70512
36949,Shokugeki no Souma: San no Sara - Tootsuki Ressha-hen,172102
37086,Kakegurui××,103302
37095,"Violet Evergarden: Kitto ""Ai"" wo Shiru Hi ga Kuru no Darou",56028
37105,Grand Blue,127300
37141,Hataraku Saibou (TV),116640
37171,Asobi Asobase,82734
37210,Isekai Maou to Shoukan Shoujo no Dorei Majutsu,155599
37259,Hanebado!,47295
37347,Dungeon ni Deai wo Motomeru no wa Machigatteiru Darou ka II,125077
37349,Goblin Slayer,261753
37430,Tensei shitara Slime Datta Ken,250343
37435,Carole & Tuesday,51801
37450,Seishun Buta Yarou wa Bunny Girl Senpai no Yume wo Minai,293748
37475,Kishuku Gakkou no Juliet,64415
37497,Irozuku Sekai no Ashita kara,62837
37510,Mob Psycho 100 II,272556
37517,Happy Sugar Life,51053
37520,Dororo,182919
37521,Vinland Saga,142025
37569,Sirius,47563
37614,Hitoribocchi no Marumaru Seikatsu,42913
37675,Overlord III,215584
37744,Isekai Cheat Magician,51597
37779,Yakusoku no Neverland,311230
37786,Yagate Kimi ni Naru,50958
37799,Tokyo Ghoul:re 2nd Season,125381
37965,Kaze ga Tsuyoku Fuiteiru,54526
37976,Zombieland Saga,108517
37982,Domestic na Kanojo,117431
37991,JoJo no Kimyou na Bouken Part 5: Ougon no Kaze,150241
37999,Kaguya-sama wa Kokurasetai: Tensai-tachi no Renai Zunousen,252848
38000,Kimetsu no Yaiba,377666
38003,Bungou Stray Dogs 3rd Season,66497
38101,5-toubun no Hanayome,126937
38145,"Doukyonin wa Hiza, Tokidoki, Atama no Ue.",41761
38186,Bokutachi wa Benkyou ga Dekinai,76941
38297,"Maou-sama, Retry!",40638
38329,Seishun Buta Yarou wa Yumemiru Shoujo no Yume wo Minai,60905
38397,Nande Koko ni Sensei ga!?,51654
38408,Boku no Hero Academia 4th Season,108157
38472,Isekai Quartet,90643
38483,Ore wo Suki nano wa Omae dake ka yo,73813
38524,Shingeki no Kyojin Season 3 Part 2,298867
38572,Assassins Pride,49528
38573,Tsuujou Kougeki ga Zentai Kougeki de Ni-kai Kougeki no Okaasan wa Suki Desu ka?,41760
38610,Tejina-senpai,45975
38659,Shinchou Yuusha: Kono Yuusha ga Ore Tsueee Kuse ni Shinchou Sugiru,96264
38671,Enen no Shouboutai,129451
38680,Fruits Basket 1st Season,69229
38691,Dr. Stone,228901
38753,Araburu Kisetsu no Otome-domo yo.,57572
38759,Sewayaki Kitsune no Senko-san,64859
38778,Midara na Ao-chan wa Benkyou ga Dekinai,44685
38826,Tenki no Ko,53506
38993,Karakai Jouzu no Takagi-san 2,44178
39026,Dumbbell Nan Kilo Moteru?,57643
39195,Beastars,71797
39198,Kanata no Astra,55607
39326,Kawaikereba Hentai demo Suki ni Natte Kuremasu ka?,42862
39533,Given,42038
39597,Sword Art Online: Alicization - War of Underworld,91633
39701,Nanatsu no Taizai: Kamigami no Gekirin,44831
39940,Shokugeki no Souma: Shin no Sara,74746
40004,Bokutachi wa Benkyou ga Dekinai!,45839
40010,Ishuzoku Reviewers,93443
