movieId,title,ratings
19315,Pupa,3.671953906683831
1639,Boku no Pico,4.8106899624889
31710,Divine Gate,5.140003739849695
17513,Diabolik Lovers,5.195176608540029
36027,Ousama Game The Animation,5.222719069618367
23079,Glasslip,5.235757502873751
25429,Isuca,5.381263560207517
904,Dragon Ball Z Movie 11: Super Senshi Gekiha!! Katsu no wa Ore da,5.502384350101386
897,Dragon Ball Z Movie 04: Super Saiyajin da Son Gokuu,5.612977487481339
834,Bleach: The Sealed Sword Frenzy,5.704210595838882
6987,Aki-Sora,5.7328020037227185
5112,Akikan!,5.737940925226815
894,Dragon Ball Z Movie 01: Ora no Gohan wo Kaese!!,5.749376809262731
487,Girls Bravo: Second Season,5.757280764312082
37744,Isekai Cheat Magician,5.781604590462888
895,Dragon Ball Z Movie 02: Kono Yo de Ichiban Tsuyoi Yatsu,5.801864485586496
1361,Final Fantasy: The Spirits Within,5.814613968923538
2494,Goshuushou-sama Ninomiya-kun,5.849000196074139
11266,Ao no Exorcist: Kuro no Iede,5.862177402645604
15605,Brothers Conflict,5.866629671990099
896,Dragon Ball Z Movie 03: Chikyuu Marugoto Choukessen,5.875933971323478
5342,Asura Cryin',5.8834923621729525
5940,Seiken no Blacksmith,5.90355601659808
31904,Big Order (TV),5.9037639822550485
16774,Inferno Cop,5.909025785721668
4970,Afro Samurai: Resurrection,5.916054235789345
31845,Masou Gakuen HxH,5.925127841247719
37799,Tokyo Ghoul:re 2nd Season,5.933681977982872
10794,IS: Infinite Stratos Encore - Koi ni Kogareru Rokujuusou,5.953306527810189
5030,Maria†Holic,5.960605814940136
241,Girls Bravo: First Season,5.962573821979424
6682,11eyes,5.965135645231032
4744,Akaneiro ni Somaru Saka,5.980632907539131
38397,Nande Koko ni Sensei ga!?,5.985399074976098
19285,Shingeki no Kyojin: Ano Hi Kara,5.99602163595115
31716,Rewrite,5.99798524675553
1829,Ged Senki,6.005214453312051
9471,Baka to Test to Shoukanjuu: Matsuri,6.032437673374259
1723,Clannad Movie,6.058233010394297
903,Dragon Ball Z Movie 10: Kiken na Futari! Super Senshi wa Nemurenai,6.081605292328854
12967,Arcana Famiglia,6.0917310501274535
19769,Mahou Sensou,6.095290178852665
36511,Tokyo Ghoul:re,6.1074083791522416
11285,Black★Rock Shooter (TV),6.108112674388999
22547,Blade & Soul,6.1275862320546866
6166,Asobi ni Iku yo!,6.138178884690287
24873,Juuou Mujin no Fafnir,6.138358898424137
899,Dragon Ball Z Movie 06: Gekitotsu!! 100-oku Power no Senshi-tachi,6.139401241652689
1526,Pokemon Movie 08: Mew to Hadou no Yuusha Lucario,6.140385263390687
31722,Nanatsu no Taizai: Seisen no Shirushi,6.1519758173526515
900,Dragon Ball Z Movie 07: Kyokugen Battle!! Sandai Super Saiyajin,6.1558777566253005
23333,DRAMAtical Murder,6.15932999753316
10897,Boku wa Tomodachi ga Sukunai Episode 0,6.160290930487817
10578,C³,6.166787473666481
36407,Kenja no Mago,6.166864168456468
902,Dragon Ball Z Movie 09: Ginga Girigiri!! Bucchigiri no Sugoi Yatsu,6.168857704043364
13807,Corpse Party: Missing Footage,6.178551112124748
15565,Maken-Ki! Two,6.210420774724528
898,Dragon Ball Z Movie 05: Tobikkiri no Saikyou tai Saikyou,6.211070479306306
16157,Choujigen Game Neptune The Animation,6.223826817257167
25283,Kuusen Madoushi Kouhosei no Kyoukan,6.226925586820844
32438,Mayoiga,6.231722843146992
2131,Bokusatsu Tenshi Dokuro-chan 2,6.249680059993649
10805,Kami nomi zo Shiru Sekai: 4-nin to Idol,6.265642397872693
2476,School Days,6.275048410213913
38572,Assassins Pride,6.276310015147737
33581,Trinity Seven Movie 1: Eternity Library to Alchemic Girl,6.278751773703583
63,DearS,6.279480770952429
18753,Yahari Ore no Seishun Love Comedy wa Machigatteiru. OVA,6.283674556255596
6421,Fullmetal Alchemist: Brotherhood Specials,6.284027303780997
3299,H2O: Footprints in the Sand,6.287479859815286
33836,Seiren,6.29031614982678
3901,Baccano! Specials,6.291703274428234
39701,Nanatsu no Taizai: Kamigami no Gekirin,6.3124422899709725
2144,Naruto Movie 3: Dai Koufun! Mikazuki Jima no Animaru Panikku Dattebayo!,6.320074834451585
1292,Afro Samurai,6.321587593695748
6793,"Kuroshitsuji: Sono Shitsuji, Kougyou",6.322084285675121
6347,Baka to Test to Shoukanjuu,6.322354545169437
2404,Zombie-Loan,6.32686728433838
10155,Dog Days,6.327476203874692
459,One Piece Movie 1,6.337155239104217
13939,Accel World EX,6.341131954433828
32801,Dungeon ni Deai wo Motomeru no wa Machigatteiru Darou ka OVA,6.347587709492851
182,Tenkuu no Escaflowne,6.348049618868579
762,Bleach: Memories in the Rain,6.348155452730876
6033,Dragon Ball Kai,6.3533768773029
26443,Triage X,6.36025250570002
10418,Deadman Wonderland: Akai Knife Tsukai,6.36273656514271
133,Green Green,6.365721012767537
240,Genshiken,6.366257176150599
196,Onegai☆Twins,6.382960122538702
21507,Soul Eater NOT!,6.3888625472050125
3091,xxxHOLiC Kei,6.391457673909089
4999,Asu no Yoichi!,6.394857323767222
430,Fullmetal Alchemist: The Conqueror of Shamballa,6.397893982858689
687,Tokyo Mew Mew,6.402739525255925
10073,Seikon no Qwaser II,6.406720408585965
28617,Punch Line,6.408430499986534
8516,Baka to Test to Shoukanjuu Ni!,6.416372606302919
38573,Tsuujou Kougeki ga Zentai Kougeki de Ni-kai Kougeki no Okaasan wa Suki Desu ka?,6.416766461236339
3230,Druaga no Tou: The Aegis of Uruk,6.419702857820952
32262,Renai Boukun,6.4293700738933826
6201,Princess Lover!,6.431090019968843
906,Dragon Ball Z Movie 13: Ryuuken Bakuhatsu!! Gokuu ga Yaraneba Dare ga Yaru,6.431356782904053
8247,Bleach Movie 4: Jigoku-hen,6.436688471165035
225,Dragon Ball GT,6.437986971634722
7059,Black★Rock Shooter (OVA),6.438620823835016
270,Hellsing,6.440666836122399
189,Love Hina,6.440686403318317
10490,Blood-C,6.445099120453688
39326,Kawaikereba Hentai demo Suki ni Natte Kuremasu ka?,6.452875084402913
3503,Kanokon,6.454304783948512
861,xxxHOLiC,6.459663856755977
32407,Clockwork Planet,6.467131712342066
11013,Inu x Boku SS,6.467426363476941
5231,Inazuma Eleven,6.467860018873998
47,Akira,6.4685546746867075
7858,Sora no Otoshimono: Project Pink,6.4697590421233775
15085,Amnesia,6.471999370432551
11241,Brave 10,6.472276960483927
874,Digimon Tamers,6.479335464889935
901,"Dragon Ball Z Movie 08: Moetsukiro!! Nessen, Ressen, Chougekisen",6.481751709982165
3229,Kimi ga Aruji de Shitsuji ga Ore de,6.485459715529117
5764,Zero no Tsukaima: Princesses no Rondo - Yuuwaku no Sunahama,6.487998963532754
24991,No Game No Life Specials,6.490492383083885
34055,Berserk 2nd Season,6.490914816490253
4884,Tales of the Abyss,6.503407642189026
20021,Sword Art Online: Extra Edition,6.515521078367171
9136,Kuroshitsuji II Specials,6.517461975406235
1565,Pokemon Diamond & Pearl,6.517713584024641
27655,Aldnoah.Zero 2nd Season,6.519265933472919
9366,Kaichou wa Maid-sama!: Omake dayo!,6.519936419701271
36793,3D Kanojo: Real Girl,6.527432515500794
37517,Happy Sugar Life,6.530010487943752
17641,Date A Live: Date to Date,6.53170860198283
35847,SSSS.Gridman,6.533158807886075
36043,Net-juu no Susume Special,6.533537970576791
19685,Kanojo ga Flag wo Oraretara,6.534335314597339
3655,Nabari no Ou,6.535751307979677
21353,Tokyo ESP,6.538723912329539
8861,"Yosuga no Sora: In Solitude, Where We Are Least Alone.",6.53987449256797
7769,Ookami-san to Shichinin no Nakama-tachi,6.543684319601908
2605,Sayonara Zetsubou Sensei,6.5457171450616
2926,Myself; Yourself,6.551036131524534
68,Black Cat,6.555387876774854
2993,Rosario to Vampire,6.558831794812725
25015,Kyoukai no Kanata Movie 1: I'll Be Here - Kako-hen,6.559415249666195
30205,Aoharu x Kikanjuu,6.562498406386161
24133,Taimadou Gakuen 35 Shiken Shoutai,6.5636125617390535
24151,Ao Haru Ride OVA,6.565832185115233
29758,Taboo Tattoo,6.56804972316841
31338,Hundred,6.570646331983203
1004,Kanojo to Kanojo no Neko,6.571383159450405
7590,Mayoi Neko Overrun!,6.573822281025007
13367,"Kono Naka ni Hitori, Imouto ga Iru!",6.576969706751133
2961,Digimon Adventure Movie,6.578057875039013
9330,Dragon Crisis!,6.579783343705085
38610,Tejina-senpai,6.584932224394472
25397,Absolute Duo,6.585397900544882
35712,Boku no Kanojo ga Majimesugiru Sho-bitch na Ken,6.592175045188242
34497,Death March kara Hajimaru Isekai Kyousoukyoku,6.595392338920716
34480,Shokugeki no Souma: Ni no Sara OVA,6.606363080959655
20767,Noragami OVA,6.617538071076724
10067,Angel Beats!: Another Epilogue,6.624726388205728
9736,Astarotte no Omocha!,6.62694218727494
8408,Durarara!! Specials,6.627507897834457
33286,Strike the Blood II,6.629716253607416
450,InuYasha Movie 2: Kagami no Naka no Mugenjo,6.631535118882676
8630,Hidan no Aria,6.6390436119809575
32379,Berserk,6.64349509983177
18001,Freezing Vibration,6.6443758336748635
101,Air,6.646221322193486
29317,Saenai Heroine no Sodatekata: Ai to Seishun no Service-kai,6.65027504383655
50,Aa! Megami-sama! (TV),6.652334909436444
28675,Kyoukai no Kanata Movie 2: I'll Be Here - Mirai-hen,6.658709948427141
35076,Juuni Taisen,6.663968815752254
30749,Saijaku Muhai no Bahamut,6.66402456975746
13411,Guilty Crown: Lost Christmas - An Episode of Port Town,6.668335185741745
34662,Fate/Apocrypha,6.668496756301153
34403,Hajimete no Gal,6.669238878194476
4437,Naruto: Shippuuden Movie 2 - Kizuna,6.670346474282862
53,Ai Yori Aoshi,6.670347846016703
15437,"Kore wa Zombie Desu ka? of the Dead: Hai, Minotake ni Attemasu",6.673991494033376
6880,Deadman Wonderland,6.6746704910981345
405,Blood: The Last Vampire,6.675394145569569
34443,Baki,6.678741462613256
30885,Noragami Aragoto OVA,6.679868822784748
13271,Hunter x Hunter Movie 1: Phantom Rouge,6.680345849146706
905,Dragon Ball Z Movie 12: Fukkatsu no Fusion!! Gokuu to Vegeta,6.682996504247583
936,Naruto Movie 2: Dai Gekitotsu! Maboroshi no Chiteiiseki Dattebayo!,6.683122920312352
390,Suzuka,6.683536618083536
23421,Re:␣Hamatora,6.685154563222251
60,Chrno Crusade,6.69375631524875
985,Dragon Ball Z Special 2: Zetsubou e no Hankou!! Nokosareta Chousenshi - Gohan to Trunks,6.696293723559749
36633,Date A Live III,6.696685710383248
31229,Servamp,6.697134541305405
7338,Darker than Black: Kuro no Keiyakusha Gaiden,6.701216395248086
35459,Boku no Hero Academia: Training of the Dead,6.701660263699758
317,Final Fantasy VII: Advent Children,6.703101115044202
10321,Uta no☆Prince-sama♪ Maji Love 1000%,6.703791978371229
150,Blood+,6.706165656688725
23385,Kyoukai no Kanata: Shinonome,6.708464350733717
190,Love Hina Again,6.7089038321581995
1132,Digimon Frontier,6.710733938671391
15687,Chuunibyou demo Koi ga Shitai! Lite,6.716196220056876
2923,Shugo Chara!,6.723355870477978
10209,Kore wa Zombie Desu ka? OVA,6.725527194180101
357,Bokusatsu Tenshi Dokuro-chan,6.72919004954208
35994,Satsuriku no Tenshi,6.730537584190396
34382,Citrus,6.732181906552048
37569,Sirius,6.7348906890614
35203,Isekai wa Smartphone to Tomo ni.,6.736225195664703
1686,Bleach Movie 1: Memories of Nobody,6.737705820143761
7148,Ladies versus Butlers!,6.739195192203243
35330,Poputepipikku,6.739490337896163
4975,ChäoS;HEAd,6.743535703028791
22663,Seiken Tsukai no World Break,6.744592023369503
11737,Ao no Exorcist Movie,6.745768540394581
8795,Panty & Stocking with Garterbelt,6.749167554615194
10218,Berserk: Ougon Jidai-hen I - Haou no Tamago,6.749195254368647
33475,Busou Shoujo Machiavellianism,6.752373299106192
33433,Shuumatsu no Izetta,6.752546946242287
468,Koukaku Kidoutai 2: Innocence,6.753184349193076
10110,Mayo Chiki!,6.753583137363864
29589,Denpa Kyoushi (TV),6.757315968051923
21563,Kamigami no Asobi,6.758764727861809
4186,Chrome Shelled Regios,6.759493928908107
38297,"Maou-sama, Retry!",6.760028439940872
1726,Devil May Cry,6.760060661850392
9062,Angel Beats! Specials,6.7619143473741135
2847,Pokemon Movie 10: Dialga vs. Palkia vs. Darkrai,6.764762689011942
1119,Pokemon Movie 04: Celebi Toki wo Koeta Deai,6.765960537101578
31297,"Tokyo Ghoul: ""Pinto""",6.766477644959681
16662,Kaze Tachinu,6.769337677581566
6325,Naruto: Shippuuden Movie 3 - Hi no Ishi wo Tsugu Mono,6.7721428851157865
2889,Bleach Movie 2: The DiamondDust Rebellion - Mou Hitotsu no Hyourinmaru,6.7762486750875155
34321,Fate/Grand Order: First Order,6.7782861008239665
14199,Oniichan dakedo Ai sae Areba Kankeinai yo ne!,6.782148569663791
9331,Yumekui Merry,6.783892543374731
10079,Hoshizora e Kakaru Hashi,6.784515297773437
3588,Soul Eater,6.784765455650369
3457,Vampire Knight,6.788697167101003
8460,Mirai Nikki OVA,6.788887519994865
237,Koukyoushihen Eureka Seven,6.790837988427359
35363,"Kobayashi-san Chi no Maid Dragon: Valentine, Soshite Onsen! - Amari Kitai Shinaide Kudasai",6.79475331909983
323,Mousou Dairinin,6.796373757650107
22729,Aldnoah.Zero,6.797783263903495
2890,Gake no Ue no Ponyo,6.798447876597381
9379,Denpa Onna to Seishun Otoko,6.7992054688222385
5909,Seitokai no Ichizon,6.801332393804454
36726,Yuragi-sou no Yuuna-san,6.801724151843459
1118,Pokemon Movie 03: Kesshoutou no Teiou Entei,6.802383002204682
10213,Maji de Watashi ni Koi Shinasai!,6.803271279124527
32962,Occultic;Nine,6.810666885311267
18095,Nourin,6.81081480333552
15751,Senyuu.,6.811092090120406
31772,One Punch Man Specials,6.8130675246642545
12049,Fairy Tail Movie 1: Houou no Miko,6.814593072661217
2593,Kara no Kyoukai 1: Fukan Fuukei,6.81459865292297
4182,Darker than Black: Kuro no Keiyakusha - Sakura no Hana no Mankai no Shita,6.815616771693388
4214,Rosario to Vampire Capu2,6.818895839462982
6500,Seikon no Qwaser,6.819761742604493
5262,Shugo Chara!! Doki,6.820408093706157
4551,Hakushaku to Yousei,6.821418950985621
37259,Hanebado!,6.821496622732967
11837,Zetman,6.823543548331337
8888,Code Geass: Boukoku no Akito 1 - Yokuryuu wa Maiorita,6.825204957912248
29786,Shimoneta to Iu Gainen ga Sonzai Shinai Taikutsu na Sekai,6.826388833185723
37976,Zombieland Saga,6.829995710543429
9135,Fullmetal Alchemist: The Sacred Star of Milos,6.831983838440204
30778,Fairy Tail Movie 2: Dragon Cry,6.83348097975902
2129,True Tears,6.833891492757718
22687,Terra Formars,6.834967918940838
10721,Mawaru Penguindrum,6.836324117712395
4835,Bleach Movie 3: Fade to Black - Kimi no Na wo Yobu,6.8369123456762395
256,Hoshi no Koe,6.836968862596319
6707,Kuroshitsuji II,6.838026604058611
34964,Killing Bites,6.838110805281342
15117,Kami nomi zo Shiru Sekai: Tenri-hen,6.840371252883712
322,Paradise Kiss,6.840404377805118
1117,Pokemon Movie 02: Maboroshi no Pokemon Lugia Bakutan,6.843970145510299
32681,Uchuu Patrol Luluco,6.8442010101112905
6922,Fate/stay night Movie: Unlimited Blade Works,6.846817983230492
11759,Accel World,6.847020887780134
25099,"Ore ga Ojousama Gakkou ni ""Shomin Sample"" Toshite Gets♥Sareta Ken",6.849345921328135
34451,Kekkai Sensen & Beyond,6.859169087587903
4155,One Piece Film: Strong World,6.8605391238583335
21329,Mushishi: Hihamukage,6.860793214714309
12113,Berserk: Ougon Jidai-hen II - Doldrey Kouryaku,6.861494395395548
986,Dragon Ball Z Special 1: Tatta Hitori no Saishuu Kessen,6.861666070378081
235,Detective Conan,6.863667220256627
33003,Mahou Shoujo Ikusei Keikaku,6.865645947083834
16732,Kiniro Mosaic,6.866152718638996
1430,Lupin III: Cagliostro no Shiro,6.869424632719961
166,Samurai 7,6.869930629900348
16512,Devil Survivor 2 The Animation,6.870184918610278
433,"Kumo no Mukou, Yakusoku no Basho",6.870286932576348
18397,Shingeki no Kyojin OVA,6.870416147752027
31405,Joker Game,6.871008282420868
18393,Fairy Tail x Rave,6.872125879621061
16528,Hal,6.875024233787405
13469,Hyouka: Motsubeki Mono wa,6.87825002887339
267,Gungrave,6.87966122528666
14349,Little Witch Academia,6.882521008930799
31442,Musaigen no Phantom World,6.882794988807982
10396,Ben-To,6.883051981060404
147,Kimi ga Nozomu Eien,6.886973268966377
23309,Rail Wars!,6.889614890180661
8536,Fortune Arterial: Akai Yakusoku,6.890691947468398
21511,Kantai Collection: KanColle,6.892137809529314
14027,Boku wa Tomodachi ga Sukunai: Relay Shousetsu wa Ketsumatsu ga Hanpanai,6.893818745822485
21273,Gochuumon wa Usagi Desu ka?,6.896099902259817
29785,Jitsu wa Watashi wa,6.89676391328344
6747,Dance in the Vampire Bund,6.898369203980415
550,Yu☆Gi☆Oh!,6.898443551868076
8479,Hetalia World Series,6.904559393158365
8915,Dantalian no Shoka,6.905648253394336
27829,Heavy Object,6.9074074086781545
21033,Seikoku no Dragonar,6.913138898895136
469,Karin,6.913304709958399
30458,"Tokyo Ghoul: ""Jack""",6.913828217522339
1498,Black Blood Brothers,6.9149879053253
19951,Hunter x Hunter Movie 2: The Last Mission,6.916455455932953
2759,Evangelion: 1.0 You Are (Not) Alone,6.916526182624221
11783,Dog Days',6.916781574641485
18139,Tonari no Seki-kun,6.916811333140221
248,Ichigo 100%,6.924326812271051
79,Shuffle!,6.9283837323052335
16524,Suisei no Gargantia,6.93117216797272
10589,Naruto: Shippuuden Movie 5 - Blood Prison,6.931703640627652
16742,Watashi ga Motenai no wa Dou Kangaetemo Omaera ga Warui!,6.932091261353952
1564,Pokemon Advanced Generation,6.93273104699486
12549,"Dakara Boku wa, H ga Dekinai.",6.932743387810604
36266,Mahou Shoujo Site,6.933593670330982
4192,Hayate no Gotoku!!,6.933680919879905
1571,Ghost Hunt,6.937345747853427
14353,Death Billiards,6.937999143953336
9982,Fairy Tail OVA,6.9388670800174514
21995,Ao Haru Ride,6.940179602919909
28249,Arslan Senki (TV),6.9423765395529315
121,Fullmetal Alchemist,6.942907166368881
4063,Sekirei,6.942970040271663
9760,Hoshi wo Ou Kodomo,6.948779516598803
24439,Kekkai Sensen,6.948941171764266
17831,Inu to Hasami wa Tsukaiyou,6.949711307079169
24655,Date A Live Movie: Mayuri Judgment,6.950157500371876
227,FLCL,6.950413161711277
71,Full Metal Panic!,6.951145476330356
33047,Fate/Extra: Last Encore,6.954963587750505
24455,Madan no Ou to Vanadis,6.958118406727991
288,Bakuten Shoot Beyblade,6.958431364922381
6512,Nyan Koi!,6.959157009515101
1142,Hachimitsu to Clover II,6.960573045384034
28391,Ao no Kanata no Four Rhythm,6.96096262148548
19489,Little Witch Academia: Mahoujikake no Parade,6.962896915912241
2952,Final Fantasy VII: Advent Children Complete,6.96290572183437
257,Ikkitousen,6.963596656154692
18677,Yuusha ni Narenakatta Ore wa Shibushibu Shuushoku wo Ketsui Shimashita.,6.966107777494402
7593,Kiss x Sis (TV),6.966722938918412
48,.hack//Sign,6.967693353587823
31680,Super Lovers,6.968700267979406
195,Onegai☆Teacher,6.969058784694058
32902,Mahoutsukai no Yome: Hoshi Matsu Hito,6.970208312793526
10711,Plastic Neesan,6.9723795043533805
205,Samurai Champloo,6.9771025282789765
34881,Aho Girl,6.980030575936849
38408,Boku no Hero Academia 4th Season,6.98177669662942
32899,Watashi ga Motete Dousunda,6.98231839401301
37210,Isekai Maou to Shoukan Shoujo no Dorei Majutsu,6.983889661507642
169,Shingetsutan Tsukihime,6.987026942658413
9734,K-On!!: Keikaku!,6.991028656918073
24227,Nisekoi OVA,6.991048571022567
19429,Akuma no Riddle,6.993070939546064
1691,Kaze no Stigma,6.993960752799566
15699,Haiyore! Nyaruko-san W,6.994813440613405
25687,Digimon Adventure tri. 1: Saikai,6.996495706568911
32188,Steins;Gate: Kyoukaimenjou no Missing Link - Divide By Zero,6.996503844196853
34984,Koi wa Ameagari no You ni,6.996694783210009
4106,Trigun: Badlands Rumble,6.997062541087443
1122,Pokemon Movie 07: Rekkuu no Houmonsha Deoxys,7.000730511464156
10793,Guilty Crown,7.003454852027982
31245,Zutto Mae kara Suki deshita.: Kokuhaku Jikkou Iinkai,7.008901427309324
57,Beck,7.010304410027035
30123,Akagami no Shirayuki-hime,7.0104732285045595
8407,Sora no Otoshimono: Forte,7.010781332090475
2963,Minami-ke,7.011709710353084
9041,IS: Infinite Stratos,7.012216430051626
2104,Seto no Hanayome,7.014442468026106
6746,Durarara!!,7.015272813188027
11553,Toradora!: Bentou no Gokui,7.015525389962523
31821,Arslan Senki (TV): Fuujin Ranbu,7.016138454660178
32360,Qualidea Code,7.016719830349589
16009,Kamisama no Inai Nichiyoubi,7.0169853735703285
35120,Devilman: Crybaby,7.0195654686210345
6324,Omamori Himari,7.020335875472717
12859,One Piece Film: Z,7.020669468967751
16,Hachimitsu to Clover,7.021038197723729
13599,Robotics;Notes,7.02225590469962
9515,Highschool of the Dead: Drifters of the Dead,7.0229817333645475
8277,Hyakka Ryouran: Samurai Girls,7.023190573954285
6773,Shakugan no Shana III (Final),7.023942537195486
14811,GJ-bu,7.0258423086657125
65,Rozen Maiden: Träumend,7.028426424907784
33506,Ao no Exorcist: Kyoto Fujouou-hen,7.029568008471274
6573,Darker than Black: Ryuusei no Gemini,7.035183063841104
36548,Kokkoku,7.036421979686525
35240,Princess Principal,7.037692847103958
2026,Hayate no Gotoku!,7.038009416160072
34280,Gamers!,7.04036284884243
3667,Strike Witches,7.0431135677015275
31173,Akagami no Shirayuki-hime 2nd Season,7.044573496953726
857,Air Gear,7.046797601243189
32268,Koyomimonogatari,7.047092980215794
4177,Bounen no Xamdou,7.0481442362864595
10020,Ore no Imouto ga Konnani Kawaii Wake ga Nai Specials,7.048984075349816
8142,Colorful (Movie),7.049330842417998
5958,Sora no Otoshimono,7.050241614792902
34618,Blend S,7.050913389802174
28223,Death Parade,7.051039584840721
9479,Coppelion,7.051436620690325
33929,Boku no Hero Academia: Sukue! Kyuujo Kunren!,7.052279117546876
33161,Yahari Ore no Seishun Love Comedy wa Machigatteiru. Zoku OVA,7.052584877003339
13055,Sankarea OVA,7.053501048972417
21843,Shingeki no Bahamut: Genesis,7.054565079724135
14837,Dragon Ball Z Movie 14: Kami to Kami,7.058357047555645
32526,Love Live! Sunshine!!,7.058510859088109
10798,UN-GO,7.061656235757041
134,Gunslinger Girl,7.06351013491654
376,"Elfen Lied: Tooriame nite Arui wa, Shoujo wa Ikani Shite Sono Shinjou ni Itatta ka? - Regenschauer",7.0648167093289835
31704,One Punch Man: Road to Hero,7.065969154863694
32901,Eromanga-sensei,7.066478355717646
2251,Baccano!,7.0665677770636774
138,Hunter x Hunter: Greed Island,7.071372490123559
25159,Inou-Battle wa Nichijou-kei no Naka de,7.071626986498067
3228,Zoku Sayonara Zetsubou Sensei,7.073311746981543
16005,Zettai Karen Children: The Unlimited - Hyoubu Kyousuke,7.073500689932842
33487,Masamune-kun no Revenge,7.073840065102372
6205,Kämpfer,7.080885018764772
853,Ouran Koukou Host Club,7.0811971045560185
10161,No.6,7.08215422907204
4752,Vampire Knight: Guilty,7.08421927162942
243,Gravitation,7.0850326402074195
587,Hanbun no Tsuki ga Noboru Sora,7.085086972563856
31636,Dagashi Kashi,7.086274385708675
18893,Aoki Hagane no Arpeggio: Ars Nova,7.087488286721978
16664,Kaguya-hime no Monogatari,7.090213938110606
27833,Durarara!!x2 Ketsu,7.098046584149321
8246,Naruto: Shippuuden Movie 4 - The Lost Tower,7.098526805605435
8675,Seitokai Yakuindomo,7.1029774338621126
28285,Trinity Seven: Nanatsu no Taizai to Nana Madoushi,7.103011795303612
6351,"Clannad: After Story - Mou Hitotsu no Sekai, Kyou-hen",7.105657452024151
12115,Berserk: Ougon Jidai-hen III - Kourin,7.107080111514192
31559,Prince of Stride: Alternative,7.107643322760969
34103,Danganronpa 3: The End of Kibougamine Gakuen - Kibou-hen,7.1099652389682815
513,Tenkuu no Shiro Laputa,7.1101652866952065
34566,Boruto: Naruto Next Generations,7.111208169453263
34572,Black Clover,7.111208169453263
136,Hunter x Hunter,7.112787567410907
10588,Persona 4 the Animation,7.113127590723556
2472,Naruto: Shippuuden Movie 1,7.1137323533410095
22147,Amagi Brilliant Park,7.113809996319606
30736,Shingeki no Bahamut: Virgin Soul,7.114392844098984
28927,Owari no Seraph: Nagoya Kessen-hen,7.1150037068175775
36882,Arifureta Shokugyou de Sekai Saikyou,7.116024362496511
154,Shaman King,7.117877526828063
30296,Rakudai Kishi no Cavalry,7.1198686799095245
43,Koukaku Kidoutai,7.120570666393885
35484,Osake wa Fuufu ni Natte kara,7.121155126776322
32603,Okusama ga Seitokaichou!+!,7.121697610535002
5277,Sekirei: Pure Engagement,7.122275673120633
9367,Freezing,7.122344972187704
29854,Ushio to Tora (TV),7.124544107137343
4472,Lucky☆Star: Original na Visual to Animation,7.125473987241992
17777,"Saikin, Imouto no Yousu ga Chotto Okashiinda ga.",7.128438419613388
34281,High School DxD Hero,7.1306001711926585
11703,Code:Breaker,7.1317796688408395
31553,Charlotte: Tsuyoimono-tachi,7.132362830628692
35972,Fairy Tail: Final Series,7.135684853227055
22777,Dragon Ball Kai (2014),7.139990918663477
3972,Yu☆Gi☆Oh! 5D's,7.140118656480908
6007,Ookami to Koushinryou II: Ookami to Kohakuiro no Yuuutsu,7.140767610460664
4789,ef: A Tale of Melodies.,7.141654486647094
26441,Junketsu no Maria,7.146002296054483
16668,Kakumeiki Valvrave,7.147761562401334
35639,Just Because!,7.147981796299737
35413,Imouto sae Ireba Ii.,7.149208200647414
24031,Denki-gai no Honya-san,7.149496278641033
24765,Gakkougurashi!,7.150360222299301
2924,ef: A Tale of Memories.,7.156734707926875
120,Fruits Basket,7.158534846102873
10163,C: The Money of Soul and Possibility Control,7.158846792263997
25183,Gangsta.,7.1590602200317965
467,Koukaku Kidoutai: Stand Alone Complex,7.15960405879647
9074,Arakawa Under the Bridge x Bridge,7.159948570178598
13331,Jormungand: Perfect Order,7.162522886341161
38483,Ore wo Suki nano wa Omae dake ka yo,7.163771032220941
26243,Owari no Seraph,7.165015328281163
61,D.N.Angel,7.165678746432656
9750,Itsuka Tenma no Kuro Usagi,7.169225837571275
132,GetBackers,7.170073714851439
31764,Nejimaki Seirei Senki: Tenkyou no Alderamin,7.171125341572023
30016,Nanbaka,7.1721850704464964
387,Haibane Renmei,7.173141732896044
10119,Seitokai Yakuindomo OVA,7.173491084148387
135,Hikaru no Go,7.174107768133154
36038,Net-juu no Susume,7.176009988393781
38778,Midara na Ao-chan wa Benkyou ga Dekinai,7.176100027096565
9936,Maken-Ki!,7.177494688761465
15037,Corpse Party: Tortured Souls - Bougyakusareta Tamashii no Jukyou,7.179621027363826
339,Serial Experiments Lain,7.181129991990015
10397,Mashiro-iro Symphony: The Color of Lovers,7.181596146938056
17909,Uchouten Kazoku,7.181767570632337
32887,Dungeon ni Deai wo Motomeru no wa Machigatteiru Darou ka Gaiden: Sword Oratoria,7.184361446642132
2994,Death Note: Rewrite,7.1881573298224755
12711,Uta no☆Prince-sama♪ Maji Love 2000%,7.188182986884161
10357,Jinrui wa Suitai Shimashita,7.191745499777224
4059,"Clannad: Mou Hitotsu no Sekai, Tomoyo-hen",7.192887468204575
14131,Girls & Panzer,7.193814121211174
27989,Hibike! Euphonium,7.1955728422861664
32827,B: The Beginning,7.196065248750629
35376,Himouto! Umaru-chan R,7.198357962857163
6547,Angel Beats!,7.198411069099171
11785,Haiyore! Nyaruko-san,7.198630361087701
3652,Higurashi no Naku Koro ni Rei,7.198930616800414
4280,Kara no Kyoukai 4: Garan no Dou,7.199137498966631
7724,Shiki,7.199396531152661
16001,Kokoro Connect: Michi Random,7.20149587838901
16934,Chuunibyou demo Koi ga Shitai!: Kirameki no... Slapstick Noel,7.202042483791473
5355,Sengoku Basara,7.202828276176609
34176,Zero kara Hajimeru Mahou no Sho,7.202886327011578
157,Mahou Sensei Negima!,7.203639945026386
3785,Evangelion: 3.0 You Can (Not) Redo,7.205910954994947
6030,Needless,7.210055951181705
31163,Dimension W,7.2106538398441655
4898,Kuroshitsuji,7.2132299517371
210,Ranma ½,7.21696283064879
5525,07-Ghost,7.218044983614766
21339,Psycho-Pass Movie,7.220689217222077
597,Neko no Ongaeshi,7.2209814159863495
10456,Kyoukaisenjou no Horizon,7.221088976962929
3455,To LOVE-Ru,7.221613651517622
31,Neon Genesis Evangelion: Death & Rebirth,7.224400442400053
9919,Ao no Exorcist,7.225235436558986
5060,Hetalia Axis Powers,7.226177993856943
73,Full Metal Panic! The Second Raid,7.228643735339644
21431,Gokukoku no Brynhildr,7.228723137940243
21603,Mekakucity Actors,7.229680054449618
7817,B-gata H-kei,7.2315550409794405
34086,Tales of Zestiria the Cross 2nd Season,7.232446502446289
356,Fate/stay night,7.232557887527962
64,Rozen Maiden,7.233021300776798
934,Higurashi no Naku Koro ni,7.2347385971896045
442,Naruto Movie 1: Dai Katsugeki!! Yuki Hime Shinobu Houjou Dattebayo!,7.235217490343737
11761,Medaka Box,7.236856718231554
1239,Bishoujo Senshi Sailor Moon SuperS,7.239288754702492
25389,"Dragon Ball Z Movie 15: Fukkatsu no ""F""",7.240304870147822
400,Seihou Bukyou Outlaw Star,7.240339133539407
30911,Tales of Zestiria the Cross,7.240835830137018
8424,MM!,7.2421425460520625
1313,Digimon Adventure 02,7.242610222193954
9790,Sora no Otoshimono: Tokeijikake no Angeloid,7.242852338195232
35062,Mahoutsukai no Yome,7.243325785146682
28725,Kokoro ga Sakebitagatterunda.,7.2464278630154855
17741,Kimi no Iru Machi,7.246596643567444
10568,Kamisama no Memochou,7.247013120041033
37614,Hitoribocchi no Marumaru Seikatsu,7.247356263258715
30307,Monster Musume no Iru Nichijou,7.248184959246867
25013,Akatsuki no Yona,7.248582964315807
1254,Saint Seiya,7.248834942943009
1530,Kanon (2006),7.249532774950762
35760,Shingeki no Kyojin Season 3,7.249764950171486
23847,Yahari Ore no Seishun Love Comedy wa Machigatteiru. Zoku,7.251073961348576
15225,Hentai Ouji to Warawanai Neko.,7.251329266381348
18229,Gatchaman Crowds,7.251946117869871
11887,Kokoro Connect,7.254770880903862
21085,Witch Craft Works,7.255893815630063
528,Pokemon Movie 01: Mewtwo no Gyakushuu,7.25595497051433
2025,Darker than Black: Kuro no Keiyakusha,7.257186211197384
28621,Subete ga F ni Naru,7.2590117398314735
37349,Goblin Slayer,7.2603192506260115
4901,Black Lagoon: Roberta's Blood Trail,7.262704427696671
12291,Acchi Kocchi (TV),7.263944776357133
16353,Love Lab,7.2640908189736395
31490,One Piece Film: Gold,7.264416885412012
543,Vampire Hunter D (2000),7.265347366916984
18441,Blood Lad: Wagahai wa Neko de wa Nai,7.268412005755757
532,Bishoujo Senshi Sailor Moon S,7.271152396548972
11701,Another: The Other - Inga,7.271698990344597
28755,Boruto: Naruto the Movie,7.272308930572819
4725,Ga-Rei: Zero,7.2725316478570825
5204,Kara no Kyoukai 6: Boukyaku Rokuon,7.272793708949212
59,Chobits,7.278433291033048
23327,Space☆Dandy 2nd Season,7.27855215570121
3782,Kara no Kyoukai 2: Satsujin Kousatsu (Zen),7.279603549897349
740,Bishoujo Senshi Sailor Moon R,7.280411738711605
1943,Paprika,7.281860419575417
97,Last Exile,7.282463675557564
3784,Evangelion: 2.0 You Can (Not) Advance,7.282593261115673
9181,Motto To LOVE-Ru,7.284385154610324
23199,Durarara!!x2 Shou,7.285210446097553
7791,K-On!!,7.289312694563723
2403,Kodomo no Jikan (TV),7.293095453304835
26349,Danna ga Nani wo Itteiru ka Wakaranai Ken,7.293318915824904
6862,K-On!: Live House!,7.295350800317648
1120,Pokemon Movie 05: Mizu no Miyako no Mamorigami Latias to Latios,7.295808413194696
11743,Toaru Majutsu no Index Movie: Endymion no Kiseki,7.297178179323309
21863,Mangaka-san to Assistant-san to The Animation,7.297477002409711
33489,Little Witch Academia (TV),7.298463059905398
28819,Okusama ga Seitokaichou!,7.298507720823416
371,Cardcaptor Sakura Movie 1,7.299164146810793
23281,Psycho-Pass 2,7.299863420517049
8086,Densetsu no Yuusha no Densetsu,7.300754933797883
20457,"Inari, Konkon, Koi Iroha.",7.302219747737762
32380,Kono Subarashii Sekai ni Shukufuku wo!: Kono Subarashii Choker ni Shukufuku wo!,7.3023893791738965
20973,Sekai Seifuku: Bouryaku no Zvezda,7.302701563308866
32686,Keijo!!!!!!!!,7.302978325326576
846,School Rumble Ni Gakki,7.303015068880718
37141,Hataraku Saibou (TV),7.30338568840123
34104,Knight's & Magic,7.304079992487373
16904,K: Missing Kings,7.305029946284124
5667,To LOVE-Ru OVA,7.306192961393595
18507,Free!,7.307532269524945
35222,Gakuen Babysitters,7.309414591143349
11633,Blood Lad,7.310111560837257
30363,Shinmai Maou no Testament Burst,7.3106693516469
34134,One Punch Man 2nd Season,7.312242217639568
38759,Sewayaki Kitsune no Senko-san,7.313090358853458
16782,Kotonoha no Niwa,7.31326276857451
1887,Lucky☆Star,7.313928175752829
66,Azumanga Daioh,7.31831895741788
102,Aishiteruze Baby★★,7.3183907167532105
18153,Kyoukai no Kanata,7.318516137893855
8676,Amagami SS,7.318977365617763
36106,Shingeki no Kyojin: Lost Girls,7.319429692896718
32900,Mahouka Koukou no Rettousei Movie: Hoshi wo Yobu Shoujo,7.320363793342128
34934,Koi to Uso,7.322205266696252
5507,Senjou no Valkyria,7.323875529951204
710,Rec,7.32395226386674
13357,High School DxD Specials,7.324033125517378
187,Initial D Third Stage,7.324210951991322
2581,Mobile Suit Gundam 00,7.325272630041282
16417,Tamako Market,7.3269618675250445
24231,Hitsugi no Chaika: Avenging Battle,7.327240588318778
13601,Psycho-Pass,7.327690107136519
32951,Rokudenashi Majutsu Koushi to Akashic Records,7.327702455906184
1210,NHK ni Youkoso!,7.3279483661329
16035,Karneval (TV),7.328150417828193
552,Digimon Adventure,7.3284181000204365
223,Dragon Ball,7.329117323120154
32,Neon Genesis Evangelion: The End of Evangelion,7.329346291571454
527,Pokemon,7.33101576582954
3927,Mobile Suit Gundam 00 Second Season,7.331030117473427
36475,Sword Art Online Alternative: Gun Gale Online,7.331423790180464
22961,Date A Live II: Kurumi Star Festival,7.332101196330253
22199,Akame ga Kill!,7.333216282404121
10719,Boku wa Tomodachi ga Sukunai,7.333851700423332
372,Cardcaptor Sakura Movie 2: Fuuin Sareta Card,7.334980492987219
5118,Suzumiya Haruhi-chan no Yuuutsu,7.335324847871181
21855,Hanamonogatari,7.336875973880213
32828,Amaama to Inazuma,7.33907883054466
18857,Ore no Imouto ga Konnani Kawaii Wake ga Nai. Specials,7.339521136204943
11433,Ano Natsu de Matteru,7.340590211489769
36474,Sword Art Online: Alicization,7.341488149904843
36028,Golden Kamuy,7.3427273556919745
27631,God Eater,7.3453557929915565
13535,Binbougami ga!,7.3456494574669575
8769,Ore no Imouto ga Konnani Kawaii Wake ga Nai,7.352267311421318
186,Initial D Second Stage,7.360023387322093
27831,Durarara!!x2 Ten,7.361732202350847
5630,Higashi no Eden,7.362529814902448
7711,Karigurashi no Arrietty,7.36308235899085
21939,Mushishi Zoku Shou,7.365360029749034
20787,Black Bullet,7.365693014080261
7465,Eve no Jikan (Movie),7.3665000021820495
137,Hunter x Hunter: Yorkshin City Kanketsu-hen,7.367867662533871
1689,Byousoku 5 Centimeter,7.368972799883497
3702,Detroit Metal City,7.371048042283211
174,Tenjou Tenge,7.3721562131503084
5,Cowboy Bebop: Tengoku no Tobira,7.372290305986981
18247,IS: Infinite Stratos 2,7.373722118405748
1519,Black Lagoon: The Second Barrage,7.373957052189079
523,Tonari no Totoro,7.375900610897129
10029,Coquelicot-zaka kara,7.376569260727382
21877,High Score Girl,7.3766251875125874
33743,Fuuka,7.377237310516433
8557,Shinryaku! Ika Musume,7.381427353760859
8074,Highschool of the Dead,7.383052536781072
23317,Kuroshitsuji: Book of Murder,7.383507157068669
37435,Carole & Tuesday,7.384884440406539
13851,To LOVE-Ru Darkness OVA,7.387431706594646
30,Neon Genesis Evangelion,7.387487905479663
21105,Love Stage!!,7.387939682334618
98,Mai-HiME,7.389917886592345
21557,Omoide no Marnie,7.389963173648544
24,School Rumble,7.392133425567917
4981,Casshern Sins,7.3927918169082805
32648,Handa-kun,7.396219494248474
34712,Kujira no Kora wa Sajou ni Utau,7.396657493769556
11111,Another,7.401394164531059
32013,Oshiete! Galko-chan,7.405596612208111
149,Loveless,7.407348328329952
4382,Suzumiya Haruhi no Yuuutsu (2009),7.408031168996449
36946,Dragon Ball Super Movie: Broly,7.410916772334879
7472,Gintama Movie 1: Shinyaku Benizakura-hen,7.410918768970234
23289,Gekkan Shoujo Nozaki-kun,7.411471528920776
38145,"Doukyonin wa Hiza, Tokidoki, Atama no Ue.",7.413135674194533
37497,Irozuku Sekai no Ashita kara,7.417488341543182
30544,Gakusen Toshi Asterisk,7.418147983019857
30300,"High School DxD New: Oppai, Tsutsumimasu!",7.419819015580346
34933,Kakegurui,7.421752819826691
25157,Trinity Seven,7.422245355541576
34626,Kono Subarashii Sekai ni Shukufuku wo! 2: Kono Subarashii Geijutsu ni Shukufuku wo!,7.422888919556935
27633,Gekkan Shoujo Nozaki-kun Specials,7.423348338275619
35838,Shoujo Shuumatsu Ryokou,7.424733527370185
37475,Kishuku Gakkou no Juliet,7.425488310548117
31404,Netoge no Yome wa Onnanoko ja Nai to Omotta?,7.4255486443562
31374,Shingeki! Kyojin Chuugakkou,7.42711360442224
2418,Stranger: Mukou Hadan,7.429508860509472
1222,Bokura ga Ita,7.430139485055726
27821,Fate/stay night: Unlimited Blade Works Prologue,7.430391009952314
32485,Prison School: Mad Wax,7.431131889416523
3783,Kara no Kyoukai 3: Tsuukaku Zanryuu,7.431804143519079
12175,Koi to Senkyo to Chocolate,7.4321311125355605
30727,Saenai Heroine no Sodatekata ♭,7.433646610265544
19775,Sidonia no Kishi,7.435257812240469
269,Bleach,7.437179787577965
10278,The iDOLM@STER,7.440556809510734
1827,Seirei no Moribito,7.441902357951383
10408,Hotarubi no Mori e,7.442516514600618
6372,Higashi no Eden Movie I: The King of Eden,7.443343840397408
33028,Danganronpa 3: The End of Kibougamine Gakuen - Zetsubou-hen,7.444586079365427
33731,Gabriel DropOut,7.4457459524956455
1889,Higurashi no Naku Koro ni Kai,7.451369614086335
14813,Yahari Ore no Seishun Love Comedy wa Machigatteiru.,7.452547313726056
12467,Nazo no Kanojo X,7.455587290693775
5356,Canaan,7.456402213469269
15689,Nekomonogatari: Kuro,7.458999523423763
11933,Oda Nobuna no Yabou,7.4591188674880655
12477,Sakasama no Patema,7.459152971883007
18671,Chuunibyou demo Koi ga Shitai! Ren,7.459211341921459
22,Tennis no Ouji-sama,7.4600915713278395
4087,Michiko to Hatchin,7.460800909105127
22265,Free!: Eternal Summer,7.462975024924814
33094,WWW.Working!!,7.464906838482196
8841,Kore wa Zombie Desu ka?,7.464908027284763
37982,Domestic na Kanojo,7.467189371492551
35905,Ryuuou no Oshigoto!,7.469199531861262
617,Juubee Ninpuuchou,7.471303738573674
10012,Carnival Phantasm,7.471792188223473
14749,Ore no Kanojo to Osananajimi ga Shuraba Sugiru,7.4731254977873025
14967,Boku wa Tomodachi ga Sukunai Next,7.473331916150914
5680,K-On!,7.474821159981484
889,Black Lagoon,7.478706808885917
969,Tsubasa Chronicle 2nd Season,7.478874595202241
7662,Shinrei Tantei Yakumo,7.480122018434634
4654,Toaru Majutsu no Index,7.481615712060252
10790,Kore wa Zombie Desu ka? of the Dead,7.482613035446351
11979,Mahou Shoujo Madoka★Magica Movie 2: Eien no Monogatari,7.482707058299795
226,Elfen Lied,7.482930718840903
21327,Isshuukan Friends.,7.482937642500473
813,Dragon Ball Z,7.482995428412832
11977,Mahou Shoujo Madoka★Magica Movie 1: Hajimari no Monogatari,7.48431049515948
1818,Claymore,7.484634992121766
28825,Himouto! Umaru-chan,7.485703038296733
24701,Mushishi Zoku Shou 2nd Season,7.4871105591059655
139,Hunter x Hunter: Greed Island Final,7.487751823491253
6637,Higashi no Eden Movie II: Paradise Lost,7.487966710547889
1,Cowboy Bebop,7.48973766958656
437,Perfect Blue,7.490527900310343
15379,Kotoura-san,7.491836496955326
23321,Log Horizon 2nd Season,7.4918512121739
7647,Arakawa Under the Bridge,7.492513252560279
28999,Charlotte,7.492520254162049
20689,Hamatora The Animation,7.4928685542713325
33206,Kobayashi-san Chi no Maid Dragon,7.493684097413192
24997,Love Live! The School Idol Movie,7.494740749567753
578,Hotaru no Haka,7.494795501595863
24405,World Trigger,7.500151352005267
38472,Isekai Quartet,7.502450951519978
12413,Jormungand,7.502987036372138
11981,Mahou Shoujo Madoka★Magica Movie 3: Hangyaku no Monogatari,7.505029241473856
6675,Redline,7.5056813817599775
7088,Ichiban Ushiro no Daimaou,7.505830821898996
37521,Vinland Saga,7.506254514589113
13759,Sakura-sou no Pet na Kanojo,7.506934424799265
11235,Amagami SS+ Plus,7.508255344740471
35843,Gintama.: Porori-hen,7.511008174017164
25731,Cross Ange: Tenshi to Ryuu no Rondo,7.513956264864053
15039,Ano Hi Mita Hana no Namae wo Bokutachi wa Mada Shiranai. Movie,7.514297116488107
23233,Shinmai Maou no Testament,7.514438600535451
202,Wolf's Rain,7.515486794379597
355,Shakugan no Shana,7.515717204900541
30503,Noragami Aragoto,7.516693178145827
39026,Dumbbell Nan Kilo Moteru?,7.516856351797
30694,Dragon Ball Super,7.51781918821585
13659,Ore no Imouto ga Konnani Kawaii Wake ga Nai.,7.519239321186975
11499,Sankarea,7.520207927462691
32979,Flip Flappers,7.5216067830586
330,Midori no Hibi,7.521764618191989
37086,Kakegurui××,7.5218174127724104
16201,Aku no Hana,7.522808437087332
249,InuYasha (TV),7.523515677667327
24277,Yowamushi Pedal: Grande Road,7.525065394936497
12893,Danshi Koukousei no Nichijou Specials,7.527708341318664
23673,Ookami Shoujo to Kuro Ouji,7.527974612775241
265,Hajime no Ippo: Mashiba vs. Kimura,7.528032157117433
31715,Working!!!: Lord of the Takanashi,7.52880377051872
24705,"Ore, Twintail ni Narimasu.",7.529149959182408
20541,Mikakunin de Shinkoukei,7.52989767539205
16762,Mirai Nikki: Redial,7.530971487381258
18,Initial D Fourth Stage,7.531453240679035
38659,Shinchou Yuusha: Kono Yuusha ga Ore Tsueee Kuse ni Shinchou Sugiru,7.532073291451411
1195,Zero no Tsukaima,7.533111910487223
35946,Nanatsu no Taizai Movie: Tenkuu no Torawarebito,7.533796480142435
37786,Yagate Kimi ni Naru,7.534169048000608
15197,Code Geass: Boukoku no Akito 2 - Hikisakareshi Yokuryuu,7.534652267542459
14467,K,7.534729992370463
28623,Koutetsujou no Kabaneri,7.537311732214291
20507,Noragami,7.537698776168285
790,Ergo Proxy,7.537707256958336
30831,Kono Subarashii Sekai ni Shukufuku wo!,7.5378468186870595
8525,Kami nomi zo Shiru Sekai,7.538123739256742
67,Basilisk: Kouga Ninpou Chou,7.5404450920651565
34822,Tsuki ga Kirei,7.54119406731306
25537,Fate/stay night Movie: Heaven's Feel - I. Presage Flower,7.544058826855759
486,Kino no Tabi: The Beautiful World,7.544065312592901
27,Trinity Blood,7.544525977310064
33988,Demi-chan wa Kataritai,7.544685073830779
37095,"Violet Evergarden: Kitto ""Ai"" wo Shiru Hi ga Kuru no Darou",7.545289240084868
38101,5-toubun no Hanayome,7.5453345289740374
24893,Sidonia no Kishi: Daikyuu Wakusei Seneki,7.546021470314438
31414,Nijiiro Days,7.54650825024688
32105,Sousei no Onmyouji,7.546673980524535
3572,Macross F,7.548500610096381
32998,91 Days,7.549561656026704
12729,High School DxD OVA,7.550465597830327
30187,Sakurako-san no Ashimoto ni wa Shitai ga Umatteiru,7.5523457278858155
31580,Ajin,7.5541069727226295
585,Mimi wo Sumaseba,7.559414947723136
1562,Yamato Nadeshiko Shichihenge♥,7.559842229807173
28497,Rokka no Yuusha,7.561232188875966
33253,Ajin 2nd Season,7.561834953605074
7193,Aoi Bungaku Series,7.562445641224895
20853,Hitsugi no Chaika,7.564491080536623
15583,Date A Live,7.565664990913048
801,Koukaku Kidoutai: Stand Alone Complex 2nd GIG,7.567066593177747
31964,Boku no Hero Academia,7.570126257598322
164,Mononoke Hime,7.570831597296276
20159,Pokemon: The Origin,7.571187560789516
14227,Tonari no Kaibutsu-kun,7.574236269236487
14345,Btooom!,7.574285828838361
21647,Tamako Love Story,7.57980333373973
31988,Hibike! Euphonium 2,7.580135047909476
20899,JoJo no Kimyou na Bouken Part 3: Stardust Crusaders,7.581050231739368
23277,Saenai Heroine no Sodatekata,7.584005966422539
5681,Summer Wars,7.5859131541706635
849,Suzumiya Haruhi no Yuuutsu,7.588622031220312
5678,Kobato.,7.589346406045615
37450,Seishun Buta Yarou wa Bunny Girl Senpai no Yume wo Minai,7.589937294056492
4896,Umineko no Naku Koro ni,7.591160790009388
6802,So Ra No Wo To,7.593403853681766
38329,Seishun Buta Yarou wa Yumemiru Shoujo no Yume wo Minai,7.595868083046458
572,Kaze no Tani no Nausicaä,7.597146135883893
4224,Toradora!,7.598265051147348
534,Slayers,7.599763905019301
14741,Chuunibyou demo Koi ga Shitai!,7.600270636116029
5205,Kara no Kyoukai 7: Satsujin Kousatsu (Go),7.600397761360609
5042,Kiss x Sis,7.601191155916156
23251,Gugure! Kokkuri-san,7.606817714427375
38753,Araburu Kisetsu no Otome-domo yo.,7.608402839988497
12355,Ookami Kodomo no Ame to Yuki,7.609796433982039
15315,Mondaiji-tachi ga Isekai kara Kuru Sou Desu yo?,7.610711935173397
482,Yu☆Gi☆Oh!: Duel Monsters GX,7.6109096438362105
20057,Space☆Dandy,7.611117783753284
9289,Hanasaku Iroha,7.611328014890764
6594,Katanagatari,7.611362064985553
14289,Sukitte Ii na yo.,7.6115857005031975
12883,Tsuritama,7.611972528394345
1699,Romeo x Juliet,7.612788746634601
3470,Special A,7.614162547661675
36904,Aggressive Retsuko (ONA),7.6183848510196075
1594,Jigoku Shoujo Futakomori,7.620082982719649
22865,Rokujouma no Shinryakusha!? (TV),7.62212226993221
13655,Little Busters!,7.623141251002838
1735,Naruto: Shippuuden,7.623409362380611
32995,Yuri!!! on Ice,7.624041809728428
5258,Hajime no Ippo: New Challenger,7.625066604038119
33674,No Game No Life: Zero,7.625105523329644
6811,InuYasha: Kanketsu-hen,7.625707484609021
31798,Kiznaiver,7.625925625776773
6956,Working!!,7.626875915771051
1536,Busou Renkin,7.62773616842912
35849,Darling in the FranXX,7.63174824530212
16870,The Last: Naruto the Movie,7.63197390146574
37510,Mob Psycho 100 II,7.632590593844684
30015,ReLIFE,7.634878309825047
9617,K-On! Movie,7.636314759310417
2246,Mononoke,7.6381095244508455
416,Kurenai no Buta,7.638531085312049
3342,Mnemosyne: Mnemosyne no Musume-tachi,7.638552149613405
34279,Grancrest Senki,7.6406428434238824
34561,Re:Creators,7.641763325802348
40010,Ishuzoku Reviewers,7.6423034459953465
32949,Kuzu no Honkai,7.645860278728729
12445,Tasogare Otome x Amnesia,7.64675150759629
93,Mobile Suit Gundam SEED,7.6471026541136755
28805,Bakemono no Ko,7.647117354175269
32937,Kono Subarashii Sekai ni Shukufuku wo! 2,7.648245868431603
35860,Karakai Jouzu no Takagi-san,7.651889737656366
199,Sen to Chihiro no Kamikakushi,7.652014662881679
33502,Shuumatsu Nani Shitemasu ka? Isogashii Desu ka? Sukutte Moratte Ii Desu ka?,7.658244784056689
22877,Seireitsukai no Blade Dance,7.662552725897645
38671,Enen no Shouboutai,7.663002931793177
38186,Bokutachi wa Benkyou ga Dekinai,7.663399772559358
28121,Dungeon ni Deai wo Motomeru no wa Machigatteiru Darou ka,7.664495907514519
15335,Gintama Movie 2: Kanketsu-hen - Yorozuya yo Eien Nare,7.665038009446519
2787,Shakugan no Shana II (Second),7.665574615348388
28387,Joukamachi no Dandelion,7.66641029113372
37520,Dororo,7.669943289633521
4565,Tengen Toppa Gurren Lagann Movie 2: Lagann-hen,7.670431676298607
37430,Tensei shitara Slime Datta Ken,7.670970042330708
6895,Hakuouki,7.671368975656254
37347,Dungeon ni Deai wo Motomeru no wa Machigatteiru Darou ka II,7.6732742276077985
14713,Kamisama Hajimemashita,7.673867372377531
32189,Danganronpa 3: The End of Kibougamine Gakuen - Mirai-hen,7.674054073299009
21561,Ryuugajou Nanana no Maizoukin (TV),7.674596992054768
6,Trigun,7.675470476038194
33049,Fate/stay night Movie: Heaven's Feel - II. Lost Butterfly,7.677260262845253
245,Great Teacher Onizuka,7.677415987839003
2001,Tengen Toppa Gurren Lagann,7.6774582993711515
27775,Plastic Memories,7.677868340972714
28025,Tsukimonogatari,7.6822164472416485
18689,Diamond no Ace,7.682414547001749
29067,Danna ga Nani wo Itteiru ka Wakaranai Ken 2 Sure-me,7.683348015081346
21,One Piece,7.683409245040081
7674,Bakuman.,7.687446703210421
31376,Flying Witch,7.687872637708528
31933,JoJo no Kimyou na Bouken Part 4: Diamond wa Kudakenai,7.690314140526947
31952,Kono Bijutsubu ni wa Mondai ga Aru!,7.692390770663741
35466,ReLIFE: Kanketsu-hen,7.692720836017372
6211,Tokyo Magnitude 8.0,7.693070431581414
38524,Shingeki no Kyojin Season 3 Part 2,7.695848387782132
20047,Sakura Trick,7.695928500118448
24703,High School DxD BorN,7.698830057668496
1482,D.Gray-man,7.700085617048002
32093,Tanaka-kun wa Itsumo Kedaruge,7.700589651410899
18119,Servant x Service,7.702488252054413
45,Rurouni Kenshin: Meiji Kenkaku Romantan,7.704936385230501
457,Mushishi,7.706229536421351
20709,Sabage-bu!,7.70879241550045
16592,Danganronpa: Kibou no Gakuen to Zetsubou no Koukousei The Animation,7.710022129219702
35968,Wotaku ni Koi wa Muzukashii,7.710693736157385
21185,Baby Steps,7.715278115575145
27787,Nisekoi:,7.7155428268508714
31098,Ushio to Tora (TV) 2nd Season,7.715904994958763
19163,Date A Live II,7.716485251391812
19,Monster,7.717561194475703
16011,Tokyo Ravens,7.71764978243127
18295,Kakumeiki Valvrave 2nd Season,7.720851297328547
19221,"Ore no Nounai Sentakushi ga, Gakuen Love Comedy wo Zenryoku de Jama Shiteiru",7.724863633154374
31859,Hai to Gensou no Grimgar,7.727362710577467
25879,Working!!!,7.727536211882514
36456,Boku no Hero Academia 3rd Season,7.7281571810150185
10863,Steins;Gate: Oukoubakko no Poriomania,7.728634456430488
5081,Bakemonogatari,7.729199006620362
32281,Kimi no Na wa.,7.7322272602778455
3167,Eve no Jikan,7.733279129656176
31765,Sword Art Online Movie: Ordinal Scale,7.735040997314817
32494,Days (TV),7.736473721330446
36296,Hinamatsuri,7.738892960041633
13333,Tari Tari,7.740167303031543
31658,Kuroko no Basket Movie 4: Last Game,7.740490725859464
22789,Barakamon,7.7435282459282195
39195,Beastars,7.744453644726402
9863,SKET Dance,7.745002829641812
34902,Tsurezure Children,7.74521609233247
27899,Tokyo Ghoul √A,7.746959690995163
9513,Beelzebub,7.747622225847032
24833,Ansatsu Kyoushitsu,7.750287917821069
34012,Isekai Shokudou,7.751968802765941
5365,Tsumiki no Ie,7.753843557601468
264,Hajime no Ippo: Champion Road,7.756729384650288
94,Mobile Suit Gundam SEED Destiny,7.759590955663461
40004,Bokutachi wa Benkyou ga Dekinai!,7.760488411018439
145,Kareshi Kanojo no Jijou,7.76361579111491
22273,Selector Infected WIXOSS,7.764817540848726
11597,Nisemonogatari,7.770826414618035
39198,Kanata no Astra,7.773824974966272
21659,Kill la Kill Specials,7.774800917147432
31741,Magi: Sinbad no Bouken (TV),7.774840604429785
35247,Owarimonogatari 2nd Season,7.775535452762545
27991,K: Return of Kings,7.775648696579011
3958,Kannagi,7.775870967780904
31953,New Game!,7.775975874828454
18245,White Album 2,7.778888741807481
35608,Chuunibyou demo Koi ga Shitai! Movie: Take On Me,7.7789047477153215
33337,ACCA: 13-ku Kansatsu-ka,7.785343250815679
32182,Mob Psycho 100,7.7858836184322975
570,Jin-Rou,7.787890686057076
15809,Hataraku Maou-sama!,7.7895514272338975
9756,Mahou Shoujo Madoka★Magica,7.789615751565364
33486,Boku no Hero Academia 2nd Season,7.7907276503657865
392,Yuu☆Yuu☆Hakusho,7.791648926617758
10521,Working'!!,7.7934023099804195
14833,Maoyuu Maou Yuusha,7.794690772733158
33051,Mobile Suit Gundam: Iron-Blooded Orphans 2nd Season,7.796605237538755
7054,Kaichou wa Maid-sama!,7.797357432241802
17247,Machine-Doll wa Kizutsukanai,7.797388339129153
4107,Tengen Toppa Gurren Lagann Movie 1: Gurren-hen,7.798270058162345
26055,JoJo no Kimyou na Bouken Part 3: Stardust Crusaders 2nd Season,7.80014007795694
512,Majo no Takkyuubin,7.800268181415186
34798,Yuru Camp△,7.80863464699564
1033,Sennen Joyuu,7.808703782310201
3467,Nogizaka Haruka no Himitsu,7.809870867879682
395,Gantz 2nd Stage,7.810259871072335
10460,Kimi to Boku.,7.81081518765198
36563,Megalo Box,7.812122019548658
20583,Haikyuu!!,7.813245089182113
19369,Outbreak Company,7.813276015276076
232,Cardcaptor Sakura,7.819037460532394
30279,Yuru Yuri San☆Hai!,7.819135230373879
14527,Medaka Box Abnormal,7.820760952048798
877,Nana,7.821484147956953
28069,Shigatsu wa Kimi no Uso: Moments,7.82345621544493
34612,Saiki Kusuo no Ψ-nan 2,7.824687456765451
10800,Chihayafuru,7.826244801466315
10080,Kami nomi zo Shiru Sekai II,7.826524559977725
72,Full Metal Panic? Fumoffu,7.829120354835523
16918,Gin no Saji,7.829723210073625
39940,Shokugeki no Souma: Shin no Sara,7.829876658839044
8129,Kuragehime,7.833661431301774
33,Kenpuu Denki Berserk,7.835388711972304
4081,Natsume Yuujinchou,7.837456354604221
6702,Fairy Tail,7.837783780829562
7785,Yojouhan Shinwa Taikei,7.839520050985817
22145,Kuroshitsuji: Book of Circus,7.839875920116373
19363,Gin no Saji 2nd Season,7.843971693706093
33926,Quanzhi Gaoshou,7.845541106156597
31251,Mobile Suit Gundam: Iron-Blooded Orphans,7.848581979778794
23283,Zankyou no Terror,7.849356952776451
17265,Log Horizon,7.8497015496909786
36470,Tada-kun wa Koi wo Shinai,7.850517272578861
35557,Houseki no Kuni (TV),7.850580081189339
37105,Grand Blue,7.859383939239442
30346,Doukyuusei (Movie),7.8635767750163135
12531,Sakamichi no Apollon,7.864435743021896
263,Hajime no Ippo,7.864662462786733
20031,D-Frag!,7.8720079291282214
1698,Nodame Cantabile,7.872090795219099
38691,Dr. Stone,7.874192101316342
11179,Papa no Iukoto wo Kikinasai!,7.876527632211064
21405,Bokura wa Minna Kawai-sou,7.8778779038324105
431,Howl no Ugoku Shiro,7.877972541163059
7592,Nurarihyon no Mago,7.8788715886995835
2167,Clannad,7.880965319381246
30240,Prison School,7.884333376717675
29093,Grisaia no Meikyuu: Caprice no Mayu 0,7.884628204450294
10030,Bakuman. 2nd Season,7.884979948407788
13161,Hagure Yuusha no Aesthetica,7.885408547731705
1535,Death Note,7.885615243770074
8937,Toaru Majutsu no Index II,7.8856349936997105
12189,Hyouka,7.886409553733676
3712,Zero no Tsukaima: Princesses no Rondo,7.888772674267834
22297,Fate/stay night: Unlimited Blade Works,7.889352669575858
856,Utawarerumono,7.889528002886002
30230,Diamond no Ace: Second Season,7.889552733577254
32615,Youjo Senki,7.889625172756446
17729,Grisaia no Kajitsu,7.891863038803029
6213,Toaru Kagaku no Railgun,7.892241951461137
17895,Golden Time,7.893446776821565
31737,Gakusen Toshi Asterisk 2nd Season,7.893563416197551
21881,Sword Art Online II,7.894652067791318
22043,Fairy Tail (2014),7.89694977327065
481,Yu☆Gi☆Oh! Duel Monsters,7.8970548256905815
13663,To LOVE-Ru Darkness,7.89754624638353
1559,Shijou Saikyou no Deshi Kenichi,7.910641927825681
10379,Natsume Yuujinchou San,7.913464823034784
31043,Boku dake ga Inai Machi,7.91486343194393
777,Hellsing Ultimate,7.9154236365344595
25777,Shingeki no Kyojin Season 2,7.922777036487004
11757,Sword Art Online,7.924177526211922
5114,Fullmetal Alchemist: Brotherhood,7.927728553007422
34542,Inuyashiki,7.928388844519188
15051,Love Live! School Idol Project,7.928812441521649
36649,Banana Fish,7.929777065871778
14829,Fate/kaleid liner Prisma☆Illya,7.929830576344447
14513,Magi: The Labyrinth of Magic,7.932043898179388
16498,Shingeki no Kyojin,7.933716687444063
32729,Orange,7.934114040014317
37779,Yakusoku no Neverland,7.934545731753042
4477,Nodame Cantabile: Paris-hen,7.94076444860685
14719,JoJo no Kimyou na Bouken (TV),7.941628194979311
329,Planetes,7.942220006407509
22101,Soredemo Sekai wa Utsukushii,7.943476079473323
12293,Campione!: Matsurowanu Kamigami to Kamigoroshi no Maou,7.946117034519248
10271,Gyakkyou Burai Kaiji: Hakairoku-hen,7.946304064076609
22319,Tokyo Ghoul,7.9472880672905335
20847,Seitokai Yakuindomo*,7.948959542138484
35507,Youkoso Jitsuryoku Shijou Shugi no Kyoushitsu e (TV),7.950706082244939
18179,Yowamushi Pedal,7.9532111745849345
35839,Sora yori mo Tooi Basho,7.9633890472781435
11741,Fate/Zero 2nd Season,7.964369617445339
35079,Kino no Tabi: The Beautiful World - The Animated Series,7.968680250480173
36896,Boku no Hero Academia the Movie 1: Futari no Hero,7.968823230708476
28979,To LOVE-Ru Darkness 2nd,7.970207573386645
3731,Itazura na Kiss,7.971613839652967
268,Golden Boy,7.972170684901908
28907,"Gate: Jieitai Kanochi nite, Kaku Tatakaeri",7.973349520537243
239,Gankutsuou,7.973670557863424
384,Gantz,7.974210381170187
5177,Denpa-teki na Kanojo,7.974880782530931
39597,Sword Art Online: Alicization - War of Underworld,7.975959955004748
23755,Nanatsu no Taizai,7.9796155504094415
10165,Nichijou,7.980283965025162
18115,Magi: The Kingdom of Magic,7.980918742369359
10087,Fate/Zero,7.9843127061337915
721,Princess Tutu,7.986383320747113
35073,Overlord II,7.987465600185434
37999,Kaguya-sama wa Kokurasetai: Tensai-tachi no Renai Zunousen,7.988919570543128
7311,Suzumiya Haruhi no Shoushitsu,7.989340334545256
22135,Ping Pong the Animation,7.993478738033607
12365,Bakuman. 3rd Season,7.994997663724504
185,Initial D First Stage,7.996401462376261
22535,Kiseijuu: Sei no Kakuritsu,7.998005850412596
5341,Ookami to Koushinryou II,7.998715768223928
28677,Yamada-kun to 7-nin no Majo (TV),8.00098045910556
44,Rurouni Kenshin: Meiji Kenkaku Romantan - Tsuioku-hen,8.001459071491547
2236,Toki wo Kakeru Shoujo,8.001958736818812
11319,Zero no Tsukaima F,8.003706349211614
34240,Shelter,8.007202585273207
28851,Koe no Katachi,8.00972388075723
228,Jigoku Shoujo,8.010551171560634
37991,JoJo no Kimyou na Bouken Part 5: Ougon no Kaze,8.01189996240524
31478,Bungou Stray Dogs,8.019474437750596
18277,Strike the Blood,8.019518457546297
11617,High School DxD,8.021162090272103
14075,Zetsuen no Tempest,8.02164557060577
32935,Haikyuu!!: Karasuno Koukou vs. Shiratorizawa Gakuen Koukou,8.022365947628806
18195,Little Busters!: Refrain,8.024379094268308
18679,Kill la Kill,8.024560934011586
10162,Usagi Drop,8.026358526334057
30276,One Punch Man,8.02706113848614
31181,Owarimonogatari,8.027845958918377
31339,Drifters,8.027985694510612
6045,Kimi ni Todoke,8.030575372017735
177,Tsubasa Chronicle,8.030922691401
1575,Code Geass: Hangyaku no Lelouch,8.034003347619956
90,Mobile Suit Gundam Wing,8.035164018907277
25681,Kamisama Hajimemashita◎,8.035358614916627
10620,Mirai Nikki,8.039221318229918
170,Slam Dunk,8.039698068225825
30709,Kamisama Hajimemashita: Kako-hen,8.040286645082226
34577,Nanatsu no Taizai: Imashime no Fukkatsu,8.041655130874142
38000,Kimetsu no Yaiba,8.043152909275879
33255,Saiki Kusuo no Ψ-nan,8.044925549370797
4282,Kara no Kyoukai 5: Mujun Rasen,8.045964847958537
10495,Yuru Yuri,8.04626021842563
32542,Sakamoto Desu ga?,8.046362624585727
35790,Tate no Yuusha no Nariagari,8.046663062842752
34914,New Game!!,8.055310679213207
2034,Lovely★Complex,8.056318170926568
5781,Isekai no Seikishi Monogatari,8.05633996545724
31174,Osomatsu-san,8.05762727248229
20,Naruto,8.059077952751458
16706,Kami nomi zo Shiru Sekai: Megami-hen,8.062709084026368
19111,Love Live! School Idol Project 2nd Season,8.068450917517264
5690,Nodame Cantabile: Finale,8.069302964421407
1604,Katekyo Hitman Reborn!,8.071311138545456
31758,Kizumonogatari III: Reiketsu-hen,8.07721862408092
12403,Yuru Yuri♪♪,8.077668486265384
35788,Shokugeki no Souma: San no Sara,8.088238065811236
8425,Gosick,8.088433230802913
918,Gintama,8.091514530741089
17549,Non Non Biyori,8.093024909171696
32867,Bungou Stray Dogs 2nd Season,8.094361552302457
28735,Shouwa Genroku Rakugo Shinjuu,8.095799015547035
1840,Zero no Tsukaima: Futatsuki no Kishi,8.100156766147034
9989,Ano Hi Mita Hana no Namae wo Bokutachi wa Mada Shiranai.,8.101296330496904
9260,Kizumonogatari I: Tekketsu-hen,8.103666332179367
5682,Phantom: Requiem for the Phantom,8.106076271616562
24415,Kuroko no Basket 3rd Season,8.111557471544492
16894,Kuroko no Basket 2nd Season,8.113427207217882
9253,Steins;Gate,8.117782323055772
30347,Nanatsu no Taizai OVA,8.118631228641803
11843,Danshi Koukousei no Nichijou,8.11893725172047
2966,Ookami to Koushinryou,8.121095767227839
34636,Ballroom e Youkoso,8.12248562928775
18897,Nisekoi,8.130485742389256
31757,Kizumonogatari II: Nekketsu-hen,8.132022817873148
28891,Haikyuu!! Second Season,8.135337672019144
16067,Nagi no Asu kara,8.13649070010399
23273,Shigatsu wa Kimi no Uso,8.13906780951729
6114,Rainbow: Nisha Rokubou no Shichinin,8.144382530952287
27525,Fate/kaleid liner Prisma☆Illya 2wei Herz!,8.155345682948699
11577,Steins;Gate Movie: Fuka Ryouiki no Déjà vu,8.157842943692554
31637,"Gate: Jieitai Kanochi nite, Kaku Tatakaeri 2nd Season",8.16045393347302
19647,Hajime no Ippo: Rising,8.165007505903093
4814,Junjou Romantica 2,8.166847951825067
13667,Naruto: Shippuuden Movie 6 - Road to Ninja,8.176534866169831
11123,Sekaiichi Hatsukoi 2,8.186013598291545
759,Tokyo Godfathers,8.194968847946852
37965,Kaze ga Tsuyoku Fuiteiru,8.195083083945109
15451,High School DxD New,8.195727452016294
3002,Gyakkyou Burai Kaiji: Ultimate Survivor,8.20734697675387
9941,Tiger & Bunny,8.207933579009728
11665,Natsume Yuujinchou Shi,8.21471553489972
2904,Code Geass: Hangyaku no Lelouch R2,8.219037354544158
530,Bishoujo Senshi Sailor Moon,8.22138596262553
20785,Mahouka Koukou no Rettousei,8.222307678863995
34599,Made in Abyss,8.223436719577208
37171,Asobi Asobase,8.224286030329669
19815,No Game No Life,8.229364708856401
17074,Monogatari Series: Second Season,8.231788990638966
37675,Overlord III,8.231888007396824
36098,Kimi no Suizou wo Tabetai,8.245644934585956
25835,Shirobako,8.246167412738648
13125,Shinsekai yori,8.252327127039342
9926,Sekaiichi Hatsukoi,8.253472966330357
15,Eyeshield 21,8.263319542452551
23623,Non Non Biyori Repeat,8.266032387375958
36949,Shokugeki no Souma: San no Sara - Tootsuki Ressha-hen,8.269651025530788
5040,One Outs,8.271591487204685
32282,Shokugeki no Souma: Ni no Sara,8.285106115923421
5300,Zoku Natsume Yuujinchou,8.287017869444977
29095,Grisaia no Rakuen,8.299998781017495
20509,Fate/kaleid liner Prisma☆Illya 2wei!,8.300101077328131
31646,3-gatsu no Lion,8.305169362431835
28701,Fate/stay night: Unlimited Blade Works 2nd Season,8.305437038480402
855,Strawberry Panic,8.305818038805551
28171,Shokugeki no Souma,8.30633063306456
11771,Kuroko no Basket,8.326525833710068
28977,Gintama°,8.328135192896912
32983,Natsume Yuujinchou Go,8.343831065547343
39533,Given,8.344016192971457
30654,Ansatsu Kyoushitsu 2nd Season,8.354153237843848
16049,Toaru Kagaku no Railgun S,8.358243364197886
33352,Violet Evergarden,8.36327053892495
34096,Gintama.,8.370383787902098
38826,Tenki no Ko,8.372682967964783
35180,3-gatsu no Lion 2nd Season,8.377058473966219
10049,Nurarihyon no Mago: Sennen Makyou,8.379847238186942
32370,D.Gray-man Hallow,8.387291740932367
9969,Gintama',8.389187839909114
29803,Overlord,8.389970693828646
4181,Clannad: After Story,8.402398902740977
14397,Chihayafuru 2,8.419931168392988
820,Ginga Eiyuu Densetsu,8.424049083823705
38993,Karakai Jouzu no Takagi-san 2,8.427052151206398
38003,Bungou Stray Dogs 3rd Season,8.486920316129638
25781,Shingeki no Kyojin: Kuinaki Sentaku,8.504752862754632
15417,Gintama': Enchousen,8.56354895014426
4722,Skip Beat!,8.56482068697928
31240,Re:Zero kara Hajimeru Isekai Seikatsu,8.569511736045461
11061,Hunter x Hunter (2011),8.571520580282368
9656,Kimi ni Todoke 2nd Season,8.613510956961651
38680,Fruits Basket 1st Season,8.614238632665376
3092,Junjou Romantica,8.623897985366227
30484,Steins;Gate 0,8.6372766343306
28297,Ore Monogatari!!,8.64107010640744
5530,Pandora Hearts,8.712262457439586
35851,Sayonara no Asa ni Yakusoku no Hana wo Kazarou,8.95660984767948
